"","dates","Molecular positivity","Molecular & Antigen samples","Serological positivity","Serological sample","SINADEF excess of death","MINSA death","DIRESA & DIRIS death","DIRESA & DIRIS infected","free UCI´s bed %","Vaccinated-1st ","Vaccinated-2nd ","Vaccinated-3rd ","Vaccinated-4th","Vaccinated-5th","Vaccinated-6th"
"95",2020-06-06,42.7002265446224,4369,19.82,14584,45.8436245964085,568,NA,NA,0.134087237479806,0,0,0,0,0,0
"96",2020-06-07,28.8139339086508,4750,24.89,7279,40.0699926504668,639,616,4929,0.137710168134508,0,0,0,0,0,0
"97",2020-06-08,29.6613548951049,3431,14.91,20275,45.2514572173375,607,616,4929,0.141129032258065,0,0,0,0,0,0
"98",2020-06-09,31.7321318790283,4033,15.84,24032,41.9945366324474,643,616,4929,0.1376,0,0,0,0,0,0
"99",2020-06-10,27.512383061168,3612,21.51,23110,42.4386621667506,616,NA,NA,0.126003210272873,0,0,0,0,0,0
"100",2020-06-11,28.0425793650794,3779,16.81,29160,41.0569382822517,610,101,3685,0.138544891640867,0,0,0,0,0,0
"101",2020-06-12,28.5933410942957,4294,16.81,18766,44.2151643039634,530,101,3686,0.140092879256966,0,0,0,0,0,0
"102",2020-06-13,30.911496149615,3635,18.58,18727,44.2645115855526,614,NA,NA,0.131007751937985,0,0,0,0,0,0
"103",2020-06-14,24.0031867196368,3523,19.89,12116,42.6360512931075,591,NA,NA,0.142746913580247,0,0,0,0,0,0
"104",2020-06-15,30.6427421264504,4222,18.04,15905,44.0671224591957,549,173,5282,0.150611620795107,0,0,0,0,0,0
"105",2020-06-16,32.6005093131548,3435,14.73,17871,43.326913235357,538,172,5281,0.129429892141757,0,0,0,0,0,0
"106",2020-06-17,30.1027828379674,4171,12.58,17685,43.7216914880709,553,173,5282,0.13914373088685,0,0,0,0,0,0
"107",2020-06-18,22.8537728139472,3670,15.13,17829,39.1323943002712,528,173,5282,0.12681436210848,0,0,0,0,0,0
"108",2020-06-19,30.1341732283465,1904,14.64,19393,44.0671224591957,526,172,5281,0.137329286798179,0,0,0,0,0,0
"109",2020-06-20,31.7519329438659,3936,13.26,17710,40.0206453688776,531,173,5282,0.125382262996942,0,0,0,0,0,0
"110",2020-06-21,27.0681384143671,2282,16.55,11439,39.5271725529851,540,173,5282,0.122448979591837,0,0,0,0,0,0
"111",2020-06-22,27.2232364629906,4025,12.74,17791,38.8363106107357,537,172,5281,0.121326299924642,0,0,0,0,0,0
"112",2020-06-23,30.0941598758246,5153,13.9,16754,38.9843524555034,503,173,5282,0.12937595129376,0,0,0,0,0,0
"113",2020-06-24,29.9743836642937,5337,13.92,16615,38.9843524555034,561,172,5281,0.119459053343351,0,0,0,0,0,0
"114",2020-06-25,28.8844000775344,5158,14.42,15758,38.5402269212002,532,173,5282,0.118401206636501,0,0,0,0,0,0
"115",2020-06-26,24.1750873628606,4921,15.52,15693,37.0598084735229,546,173,5282,0.117602996254682,0,0,0,0,0,0
"116",2020-06-27,33.8265017949741,2506,14.78,17471,39.5271725529851,573,172,5281,0.111861861861862,0,0,0,0,0,0
"117",2020-06-28,32.7143919885551,2096,16.01,14116,39.3297834266281,536,173,5282,0.113023952095808,0,0,0,0,0,0
"118",2020-06-29,31.9088547486034,2863,12.72,15199,38.2441432316648,589,173,5282,0.104874446085672,0,0,0,0,0,0
"119",2020-06-30,33.4264340770791,2464,13.93,17519,39.1817415818604,564,NA,NA,0.105571847507331,0,0,0,0,0,0
"120",2020-07-01,34.6093868792152,3261,13.6,17631,37.7013231341831,546,NA,NA,0.105691056910569,0,0,0,0,0,0
"121",2020-07-02,31.6295852534562,3037,14.91,17671,38.5895742027895,577,NA,NA,0.101321585903084,0,0,0,0,0,0
"122",2020-07-03,32.167468847352,2567,14.45,18374,39.2310888634497,526,NA,NA,0.105685131195335,0,0,0,0,0,0
"123",2020-07-04,30.6703794292882,3188,14.99,17748,37.8493649789508,586,NA,NA,0.0991253644314869,0,0,0,0,0,0
"124",2020-07-05,32.7701973684211,3343,13.03,14501,43.129524109,590,NA,NA,0.0983606557377049,0,0,0,0,0,0
"125",2020-07-06,32.2715364446775,3813,13.93,16825,40.0699926504668,597,NA,NA,0.1015625,0,0,0,0,0,0
"126",2020-07-07,34.5326101839966,4673,12.38,16315,41.7478002245011,601,NA,NA,0.0888575458392101,0,0,0,0,0,0
"127",2020-07-08,30.8502155992391,3153,14.4,17809,40.51411818477,599,NA,NA,0.0871687587168759,0,0,0,0,0,0
"128",2020-07-09,26.1036533787069,4113,13.33,15935,38.8363106107357,620,NA,NA,0.0868055555555556,0,0,0,0,0,0
"129",2020-07-10,27.8709451120494,3078,12.37,17838,40.2180344952345,582,NA,NA,0.0829268292682926,0,0,0,0,0,0
"130",2020-07-11,35.4291653928462,3270,13.87,17719,43.0801768274108,608,NA,NA,0.0811188811188811,0,0,0,0,0,0
"131",2020-07-12,38.1083139178418,3261,16.82,15187,43.9190806144279,608,NA,NA,0.0811373092926491,0,0,0,0,0,0
"132",2020-07-13,28.9332304093567,4274,15.7,15968,42.8827877010538,593,NA,NA,0.0888429752066116,0,0,0,0,0,0
"133",2020-07-14,29.6354789505796,6555,14.22,13456,42.8334404194645,636,NA,NA,0.100207325501037,0,0,0,0,0,0
"134",2020-07-15,32.6739738152314,5422,14.31,14609,44.0671224591957,602,NA,NA,0.1,0,0,0,0,0,0
"135",2020-07-16,33.3345353220784,6100,13.76,13933,42.2906203219828,621,NA,NA,0.105729877216917,0,0,0,0,0,0
"136",2020-07-17,29.8348693259972,5815,17.96,12407,42.8827877010538,630,NA,NA,0.113168724279835,0,0,0,0,0,0
"137",2020-07-18,31.4235195876289,4849,15.87,16173,44.3632061487311,589,NA,NA,0.112397820163488,0,0,0,0,0,0
"138",2020-07-19,28.0513501849568,3243,17.84,17828,42.6360512931075,621,NA,NA,0.0999329309188464,0,0,0,0,0,0
"139",2020-07-20,29.0838873712965,4758,15.01,20133,44.0671224591957,628,NA,NA,0.105298013245033,0,0,0,0,0,0
"140",2020-07-21,28.7037423714037,4587,15.74,19986,42.0932311956259,666,NA,NA,0.0895819508958196,0,0,0,0,0,0
"141",2020-07-22,28.3147854907015,5430,15.37,19565,45.8436245964085,619,NA,NA,0.0903732809430255,0,0,0,0,0,0
"142",2020-07-23,29.563957907642,4893,17,20100,45.0540680909805,594,NA,NA,0.0878334417696812,0,0,0,0,0,0
"143",2020-07-24,27.9855187319885,6245,13.51,16097,41.7971475060904,608,NA,NA,0.0900958466453674,0,0,0,0,0,0
"144",2020-07-25,27.454222596255,4752,18.61,19390,43.2282186721785,638,NA,NA,0.0846055979643766,0,0,0,0,0,0
"145",2020-07-26,31.351946584489,3893,22.95,16116,42.8334404194645,676,NA,NA,0.0930528999362651,0,0,0,0,0,0
"146",2020-07-27,26.4144612159329,4769,25.67,15692,44.8073316830343,580,NA,NA,0.0922391857506362,0,0,0,0,0,0
"147",2020-07-28,21.8142578947368,3799,25.39,19096,44.9060262462128,666,NA,NA,0.0943275971956661,0,0,0,0,0,0
"148",2020-07-29,29.0924825626453,3870,27.36,20772,42.7840931378753,663,NA,NA,0.100508905852417,0,0,0,0,0,0
"149",2020-07-30,23.7059996625612,5926,24.11,24216,43.7710387696602,604,NA,NA,0.0923076923076923,0,0,0,0,0,0
"150",2020-07-31,23.7659388347856,5852,25.56,23700,43.6723442064817,635,318,11758,0.096732863549007,0,0,0,0,0,0
"151",2020-08-01,26.4254789599726,5845,25.29,20253,46.1890555675332,671,NA,NA,0.0938697318007663,0,0,0,0,0,0
"152",2020-08-02,28.0623535821302,3670,31.75,10141,42.4880094483398,662,NA,NA,0.098537825810553,0,0,0,0,0,0
"153",2020-08-03,30.2727490421456,4175,30.44,18152,47.1266539177288,591,NA,NA,0.0984752223634053,0,0,0,0,0,0
"154",2020-08-04,28.1852820083682,5974,29.39,20587,46.5838338202471,637,NA,NA,0.0934520025429116,0,0,0,0,0,0
"155",2020-08-05,30.0338505629478,4884,28.98,21800,43.2775659537677,592,NA,NA,0.0983810709838107,0,0,0,0,0,0
"156",2020-08-06,25.4263219554527,6913,29.61,22651,44.9553735278021,626,NA,NA,0.0855548667079975,0,0,0,0,0,0
"157",2020-08-07,22.1248088200798,4262,29.24,21184,45.6955827516407,661,NA,NA,0.0802469135802469,0,0,0,0,0,0
"158",2020-08-08,20.0767194902794,6120,30.23,19132,44.8566789646236,656,NA,NA,0.082716049382716,0,0,0,0,0,0
"159",2020-08-09,25.4449171160375,5006,33.7,11381,44.8073316830343,590,NA,NA,0.082158185162477,0,0,0,0,0,0
"160",2020-08-10,23.6836470903728,3728,30.14,18793,43.8203860512494,550,NA,NA,0.0813953488372093,0,0,0,0,0,0
"161",2020-08-11,23.6970500373413,8033,30.53,22832,40.1193399320561,614,NA,NA,0.0754830917874396,0,0,0,0,0,0
"162",2020-08-12,25.3372819907755,9322,29.22,24228,44.3632061487311,577,NA,NA,0.0803357314148681,0,0,0,0,0,0
"163",2020-08-13,26.9465167377536,7736,30.51,20372,45.74493003323,519,NA,NA,0.0711700844390832,0,0,0,0,0,0
"164",2020-08-14,24.987056190364,8488,30,24619,45.2514572173375,514,NA,NA,0.077710843373494,0,0,0,0,0,0
"165",2020-08-15,24.9376046868997,10411,30.47,24772,39.8232562425206,524,NA,NA,0.0811138014527845,0,0,0,0,0,0
"166",2020-08-16,23.4864126450825,6547,29.36,13655,39.2804361450389,521,NA,NA,0.0755287009063444,0,0,0,0,0,0
"167",2020-08-17,23.2371717171717,8216,34.59,17113,42.6853985746968,529,NA,NA,0.0828796128251663,0,0,0,0,0,0
"168",2020-08-18,24.3073123272526,9044,28.72,24024,39.5765198345744,518,NA,NA,0.0865904990980156,0,0,0,0,0,0
"169",2020-08-19,26.2169007092199,8459,27.45,23392,35.7767791522025,531,NA,NA,0.081242532855436,0,0,0,0,0,0
"170",2020-08-20,23.677200283755,8457,30.39,23053,35.5300427442563,445,NA,NA,0.103160405485987,0,0,0,0,0,0
"171",2020-08-21,21.2274362999638,8280,27.51,26937,38.293490513254,495,NA,NA,0.0895432692307693,0,0,0,0,0,0
"172",2020-08-22,21.1569275446493,6886,26.97,28307,35.0365699283638,484,NA,NA,0.0884638374178123,0,0,0,0,0,0
"173",2020-08-23,18.8964,5249,32.08,15962,39.2804361450389,432,NA,NA,0.0887290167865707,0,0,0,0,0,0
"174",2020-08-24,25.9749336973479,5127,27.21,20624,37.9974068237185,394,NA,NA,0.100535395597858,0,0,0,0,0,0
"175",2020-08-25,20.8641556986838,3570,26.88,19536,36.3689465312735,428,NA,NA,0.0936573799644339,0,0,0,0,0,0
"176",2020-08-26,21.5972225794008,7776,26.86,25833,34.0989715781682,381,NA,NA,0.103957471943296,0,0,0,0,0,0
"177",2020-08-27,17.3276581081081,7399,24.55,27218,35.0859172099531,405,NA,NA,0.104056437389771,0,0,0,0,0,0
"178",2020-08-28,20.9475230550958,8457,31.9,24146,33.3094150727403,363,NA,NA,0.105729474305966,0,0,0,0,0,0
"179",2020-08-29,16.4978493222106,7671,23.51,27500,30.7927037116888,366,NA,NA,0.102670623145401,0,0,0,0,0,0
"180",2020-08-30,17.4769116607774,5659,21.17,18333,30.6446618669211,361,NA,NA,0.119174041297935,0,0,0,0,0,0
"181",2020-08-31,20.1262275112444,5335,33.89,11857,29.3616325456007,353,NA,NA,0.124854142357059,0,0,0,0,0,0
"182",2020-09-01,16.5068854933032,5300,29.56,18377,28.7201178849405,333,NA,NA,0.118782913984786,0,0,0,0,0,0
"183",2020-09-02,17.5276523369492,7466,24.16,22349,30.7433564300995,325,NA,NA,0.123536299765808,0,0,0,0,0,0
"184",2020-09-03,13.2582888114595,7748,22.05,25738,26.79557390296,325,NA,NA,0.119244391971665,0,0,0,0,0,0
"185",2020-09-04,15.9880634613056,8256,21.99,25167,28.5720760401728,308,NA,NA,0.128413712957583,0,0,0,0,0,0
"186",2020-09-05,14.927712228011,6525,27.02,19620,27.0423103109062,299,NA,NA,0.132361516034985,0,0,0,0,0,0
"187",2020-09-06,16.942217630854,2177,25.25,4868,25.0190717657471,294,NA,NA,0.132523148148148,0,0,0,0,0,0
"188",2020-09-07,20.3866258480887,6042,31.53,10730,26.8449211845492,280,NA,NA,0.136337039204213,0,0,0,0,0,0
"189",2020-09-08,13.7580286532951,6979,30.36,18534,25.0684190473364,289,NA,NA,0.146697837521917,0,0,0,0,0,0
"190",2020-09-09,15.5979503350414,7610,29.51,20685,25.0190717657471,290,NA,NA,0.148899188876014,16,0,0,0,0,0
"191",2020-09-10,13.4980940279543,7082,30.35,18607,24.6736407946224,260,0,4928,0.154335260115607,2,0,0,0,0,0
"192",2020-09-11,13.8581615598886,7538,26.15,19565,25.2164608921041,257,0,4929,0.161551823972206,4,0,0,0,0,0
"193",2020-09-12,13.4680696474635,6977,32.55,17963,24.0321261339622,250,0,4929,0.160919540229885,7,0,0,0,0,0
"194",2020-09-13,11.798014470806,5942,29.92,11831,23.1438750653558,293,1,4929,0.158840579710145,0,0,0,0,0,0
"195",2020-09-14,12.477734204793,5507,35.77,9710,23.8347370076053,248,0,4929,0.16551724137931,4,0,0,0,0,0
"196",2020-09-15,19.1452268195414,4011,27.67,20283,23.5386533180698,239,0,4929,0.167727009832273,3,0,0,0,0,0
"197",2020-09-16,9.85849580472921,6554,31.65,15963,22.9464859389989,240,1,4928,0.160486674391657,5,0,0,0,0,0
"198",2020-09-17,14.0881355035067,7556,28.27,18569,22.6010549678741,223,0,4929,0.175275681950087,8,0,0,0,0,0
"199",2020-09-18,20.3357133825079,4744,24.54,22361,20.0843436068227,215,0,4929,0.173913043478261,9,0,0,0,0,0
"200",2020-09-19,19.3057041156841,4494,24.18,21351,21.6141093360892,224,1,4929,0.186781609195402,10,0,0,0,0,0
"201",2020-09-20,16.2250412465628,3272,22.68,13609,20.6271637043043,236,0,4929,0.186921296296296,0,0,0,0,0,0
"202",2020-09-21,11.2477771191464,5060,38,9118,21.4660674913215,169,0,4929,0.190978324545987,7,0,0,0,0,0
"203",2020-09-22,13.8982277189851,7842,26.81,18869,18.8506615670915,208,1,4929,0.194638694638695,6,0,0,0,0,0
"204",2020-09-23,9.89909299129638,10914,31.91,16151,19.146745256627,181,0,4928,0.202797202797203,10,0,0,0,0,0
"205",2020-09-24,8.46920633433283,10671,31.62,15021,18.2584941880206,163,0,4929,0.205038078500293,7,0,0,0,0,0
"206",2020-09-25,7.61925462193094,10222,36.04,13262,19.8869544804657,187,1,4929,0.200233508464682,12,0,0,0,0,0
"207",2020-09-26,6.43935651478817,10007,36.74,12291,20.3310800147689,162,616,4929,0.207723815096548,12,0,0,0,0,0
"208",2020-09-27,5.09942359855335,8847,46.33,6391,16.9754648667002,174,616,4929,0.200234879624193,0,0,0,0,0,0
"209",2020-09-28,12.2378515007899,5696,32.43,7267,20.2817327331796,188,616,4929,0.195497630331754,7,0,0,0,0,0
"210",2020-09-29,11.1781005776419,5885,29.5,8145,17.0248121482895,171,616,4929,0.197984588026082,5,0,0,0,0,0
"211",2020-09-30,12.6979895520025,6316,28.19,9456,16.926117585111,179,100,3685,0.197225572979493,14,12,0,0,0,0
"212",2020-10-01,7.01922439509446,9050,48.81,5392,17.3208958378249,183,101,3685,0.210716435881999,13,3,0,0,0,0
"213",2020-10-02,22.7936631461923,3597,18.97,13709,15.7417828269691,152,101,3686,0.22,18,4,0,0,0,0
"214",2020-10-03,13.9875804219993,5781,35.75,6644,17.4689376825927,164,204,12520,0.23137492428831,16,6,0,0,0,0
"215",2020-10-04,9.81806768988587,5081,33.56,3966,17.4689376825927,154,172,5281,0.225885225885226,0,0,0,0,0,0
"216",2020-10-05,5.07942953396968,8904,52.08,4758,15.7417828269691,138,173,5282,0.237246465888138,11,3,0,0,0,0
"217",2020-10-06,7.50897123287671,7299,37.91,5764,17.7650213721281,152,172,5281,0.23747680890538,28,4,0,0,0,0
"218",2020-10-07,9.16896208262592,8834,33.16,6459,17.6663268089497,153,173,5282,0.234820322180917,14,5,0,0,0,0
"219",2020-10-08,7.86915954720205,9363,26.94,14865,16.9754648667002,139,173,5282,0.244207889793363,19,5,0,0,0,0
"220",2020-10-09,8.17916945882831,9848,14.55,13242,17.9624104984851,132,172,5281,0.238035264483627,17,11,0,0,0,0
"221",2020-10-10,7.03893252463988,6594,14.04,20082,15.9391719533261,151,173,5282,0.245692405871091,15,5,0,0,0,0
"222",2020-10-11,8.6478567888999,4035,12.99,11174,14.9522263215412,131,173,5282,0.246143958868895,0,0,0,0,0,0
"223",2020-10-12,6.48844065353196,4161,16.64,15224,17.7650213721281,126,172,5281,0.255441741357234,11,7,0,0,0,0
"224",2020-10-13,7.2691353472883,8407,15.92,14865,16.1859083612723,146,173,5282,0.263260025873221,20,6,0,0,0,0
"225",2020-10-14,5.57922164876552,7168,14.96,15968,14.1626698161133,143,172,5281,0.263461538461538,9,8,0,0,0,0
"226",2020-10-15,5.54938374417055,9005,14.9,14612,15.3470045742551,132,173,5282,0.266666666666667,9,11,0,0,0,0
"227",2020-10-16,6.91890972112809,6346,14.92,18049,17.123506711468,117,173,5282,0.287049399198932,13,7,0,0,0,0
"228",2020-10-17,6.18912767756483,7095,15.91,16887,15.6430882637906,119,172,5281,0.2905317769131,21,14,0,0,0,0
"229",2020-10-18,8.17839576387527,5098,12.74,14007,14.0639752529348,109,173,5282,0.286649214659686,9,0,0,0,0,0
"230",2020-10-19,15.4379366564212,7482,15.06,13860,15.7417828269691,95,173,5282,0.299934938191282,21,8,0,0,0,0
"231",2020-10-20,5.92913582046051,6861,14.67,16087,16.33395020604,128,1115,18360,0.295938104448743,18,5,0,0,0,0
"232",2020-10-21,8.24892255452527,7656,15.24,15475,15.3963518558444,115,0,1498,0.307248236048749,17,16,0,0,0,0
"233",2020-10-22,6.69927863910422,9287,15.06,17381,13.915933408167,123,28,2495,0.314510833880499,16,11,0,0,0,0
"234",2020-10-23,5.74934532619834,8782,16.58,15640,16.728728458754,112,0,1613,0.313276651406148,12,14,0,0,0,0
"235",2020-10-24,5.0592987804878,7215,14.04,15218,15.1989627294874,133,3247.71058408467,NA,0.30609597924773,24,15,0,0,0,0
"236",2020-10-25,5.16895954920507,4968,13.44,11923,14.7548371951842,96,46,1200,0.313686967910937,4,0,0,0,0,0
"237",2020-10-26,4.39948574100047,8555,13,11903,15.3470045742551,118,80,1603,0.304918032786885,13,8,0,0,0,0
"238",2020-10-27,5.30927020340847,7275,13.67,14959,12.1394312709542,112,68,1211,0.310615989515072,15,26,0,0,0,0
"239",2020-10-28,5.11945699437904,9428,15.52,14070,13.3731133106854,101,296,5232,0.309554973821989,5,17,0,0,0,0
"240",2020-10-29,5.29918134074761,6473,22.62,9916,14.5574480688272,133,1938,51282,0.305866842452208,6,21,0,0,0,0
"241",2020-10-30,2.76976371236032,11722,12.5,15990,15.0015736031304,103,71,1075,0.316480630334865,5,16,0,0,0,0
"242",2020-10-31,5.27937647614549,8467,17.07,11489,13.7678915633993,113,78,932,0.314266929651545,14,15,0,0,0,0
"243",2020-11-01,5.41706233062331,1844,13,11801,15.6430882637906,98,81,1385,0.327858081471748,0,0,0,0,0,0
"244",2020-11-02,7.16896730519948,6942,18.19,10222,15.1002681663089,108,73,1960,0.31641397495056,5,10,0,0,0,0
"245",2020-11-03,5.98945040829434,10898,18.36,12160,16.728728458754,115,79,1446,0.307232913072329,9,17,0,0,0,0
"246",2020-11-04,8.02884841531622,6972,18.27,13001,16.33395020604,111,93,1776,0.318212141427618,8,11,0,0,0,0
"247",2020-11-05,3.9896369757074,10990,18.19,12878,13.6198497186316,103,83,1995,0.324,10,6,0,0,0,0
"248",2020-11-06,4.74940506012024,7983,17.46,12187,15.4456991374336,100,NA,4169,0.328010645375915,7,11,0,0,0,0
"249",2020-11-07,5.64928769541099,7931,17.18,10914,13.0276823395606,129,3247.71058408467,4170,0.326935804103243,5,16,0,0,0,0
"250",2020-11-08,4.22910210146466,4710,17.03,5844,13.7678915633993,107,NA,34690,0.327102803738318,0,9,0,0,0,0
"251",2020-11-09,4.8791985547709,6088,16.77,9584,13.0276823395606,73,3247.71058408467,34691,0.333557498318763,8,18,0,0,0,0
"252",2020-11-10,4.90942780561706,8580,17.79,12110,16.6300338955755,96,94,1861,0.350736278447122,10,18,0,0,0,0
"253",2020-11-11,4.44942632461003,7756,16.08,11731,14.5574480688272,105,2027,3940,0.340681362725451,9,13,0,0,0,0
"254",2020-11-12,5.42939659962218,8998,16.2,11876,13.7678915633993,100,82,1681,0.334452652787105,8,14,0,0,0,0
"255",2020-11-13,4.84957106217387,11306,14.02,12132,16.728728458754,91,1277,42433,0.326806212018906,7,21,0,0,0,0
"256",2020-11-14,4.93937563195147,7911,17.74,9702,15.0015736031304,111,NA,22144,0.328378378378378,10,21,0,0,0,0
"257",2020-11-15,3.84949895887559,7683,17.3,5554,13.4718078738638,115,3247.71058408467,22144,0.341216216216216,0,6,0,0,0,0
"258",2020-11-16,4.49928909952607,6329,15.33,8989,14.0639752529348,91,531,11280,0.342837746096402,10,15,0,0,0,0
"259",2020-11-17,4.46952758402029,9461,13.46,11867,15.3963518558444,113,445,8877,0.342567567567568,5,16,0,0,0,0
"260",2020-11-18,3.11971836071493,11077,14.51,11162,14.1626698161133,110,319,11778,0.334685598377282,6,4,0,0,0,0
"261",2020-11-19,4.50958958958959,10988,15.03,11138,12.5835568052574,94,318,11758,0.34349593495935,6,4,0,0,0,0
"262",2020-11-20,5.0394385026738,8975,14.9,10349,15.2976572926659,106,318,11758,0.341333333333333,15,3,0,0,0,0
"263",2020-11-21,4.12958083832335,9852,13.1,9022,13.7185442818101,94,308,85943,0.335795836131632,21,11,0,0,0,0
"264",2020-11-22,3.74935754668494,5836,15.56,4292,13.4718078738638,98,376,8096,0.338937457969065,0,0,0,0,0,0
"265",2020-11-23,6.40911206538302,7218,15.58,9110,14.4587535056487,94,257,12195,0.340254521098459,12,7,0,0,0,0
"266",2020-11-24,4.52957348648903,10620,14.43,10665,14.8041844767735,120,285,11754,0.336993822923816,11,11,0,0,0,0
"267",2020-11-25,5.3791531559893,6352,14.28,10826,12.9783350579714,109,397,16690,0.343223196223871,20,8,0,0,0,0
"268",2020-11-26,4.7294927613941,9324,14.87,10328,12.1887785525435,113,337,13915,0.3363074811256,14,11,0,0,0,0
"269",2020-11-27,5.82931371394938,8494,13.07,11854,13.4224605922746,83,356,12908,0.328092959671907,16,6,0,0,0,0
"270",2020-11-28,4.73941833353786,8148,16.04,11075,12.3368203973112,105,437,9453,0.339041095890411,14,6,0,0,0,0
"271",2020-11-29,5.50903620780129,5716,15.82,4803,14.6067953504165,98,353,9650,0.337940566689703,0,0,0,0,0,0
"272",2020-11-30,5.30936024096385,8299,15.2,7778,14.5574480688272,106,368,11664,0.330779944289694,12,10,0,0,0,0
"273",2020-12-01,5.67932405093419,8402,14.85,9224,14.4587535056487,116,424,15954,0.334029227557411,11,13,0,0,0,0
"274",2020-12-02,5.74899843232886,5740,14.26,10104,14.4587535056487,95,1318,15317,0.323756131744919,18,6,0,0,0,0
"275",2020-12-03,7.3590243902439,7543,15.19,9602,13.915933408167,104,311,13063,0.314606741573034,9,8,0,0,0,0
"276",2020-12-04,6.15924519054037,8160,12.78,10369,14.310711660881,106,350,14835,0.314583333333333,12,5,0,0,0,0
"277",2020-12-05,6.38881644749028,5398,12.3,7149,13.3731133106854,128,179,9239,0.30446735395189,12,14,0,0,0,0
"278",2020-12-06,6.26913373860182,7237,16.21,4628,11.6459584550618,124,343,10159,0.298611111111111,0,0,0,0,0,0
"279",2020-12-07,6.62891436056984,6106,10.93,10062,16.5806866139863,110,358,13685,0.297372060857538,8,10,0,0,0,0
"280",2020-12-08,6.22877217185652,5073,10.06,3727,13.915933408167,123,283,13894,0.296270718232044,0,0,0,0,0,0
"281",2020-12-09,10.5580869565217,5519,16.73,7268,14.1626698161133,108,291,15345,0.286516853932584,14,7,0,0,0,0
"282",2020-12-10,7.44884692772017,6460,15.11,8939,13.6198497186316,113,319,13414,0.277970813064628,13,7,0,0,0,0
"283",2020-12-11,8.70836799700206,5336,14.87,11011,14.8535317583627,135,349,11409,0.273039889958735,22,9,0,0,0,0
"284",2020-12-12,9.01882383622376,7668,15.54,7955,15.4456991374336,124,216,10928,0.272287491361437,2,0,0,0,0,0
"285",2020-12-13,14.4072272464884,5196,11.36,3590,15.2483100110767,135,609,11367,0.266167460857726,0,0,0,0,0,0
"286",2020-12-14,8.9776504447933,3821,16.63,7230,15.8898246717368,128,316,9644,0.263935527199463,2,0,0,0,0,0
"287",2020-12-15,5.85923658155289,7675,14.45,9217,14.3600589424702,125,344,10758,0.250852079072938,7,0,0,0,0,0
"288",2020-12-16,9.40867595328549,7106,13.92,10002,15.6430882637906,126,242,12024,0.257955314827353,4,5,0,0,0,0
"289",2020-12-17,4.32975149219467,17423,14.75,10086,15.2483100110767,133,395,50227,0.263766145479266,7,21,0,0,0,0
"290",2020-12-18,10.5980496780129,5434,15.33,10197,16.4326447692185,125,203,10890,0.259986459038592,14,21,0,0,0,0
"291",2020-12-19,10.0286423930698,7387,14.46,6067,16.926117585111,130,175,14701,0.255593220338983,18,25,0,0,0,0
"292",2020-12-20,8.58825157744759,4912,15.45,3469,16.926117585111,145,269,9333,0.246779661016949,0,1,0,0,0,0
"293",2020-12-21,9.15877736252002,7491,13.97,7103,16.4326447692185,137,386,93575.8720219526,0.233766233766234,9,18,0,0,0,0
"294",2020-12-22,10.1889068869341,9321,12.83,9044,15.1989627294874,146,264,12752,0.221914008321775,13,13,0,0,0,0
"295",2020-12-23,8.34909700443387,9246,12.31,7696,16.0872137980938,126,265,9446,0.239304812834225,7,16,0,0,0,0
"296",2020-12-24,10.2788667181127,9070,13.48,4689,15.9885192349153,178,220,9867,0.228882833787466,6,2,0,0,0,0
"297",2020-12-25,11.9472816196542,4395,13.96,1769,18.6039251591453,167,186,43673,0.230458221024259,0,0,0,0,0,0
"298",2020-12-26,11.3383209949659,6753,15.35,3733,18.4558833143776,154,147,10289,0.219594594594595,9,34,0,0,0,0
"299",2020-12-27,10.5085871756957,7438,18.46,2540,16.728728458754,200,3247.71058408467,8959,0.207357859531773,0,0,0,0,0,0
"300",2020-12-28,9.67856719952635,6755,16.39,5697,18.2584941880206,174,141,7819,0.189747003994674,18,18,0,0,0,0
"301",2020-12-29,9.20904776674938,9671,17.03,7206,15.8404773901476,212,342,11961,0.19047619047619,9,3,0,0,0,0
"302",2020-12-30,11.4790673490942,12308,15.16,7321,18.0117577800744,181,138,9497,0.169761273209549,2,11,0,0,0,0
"303",2020-12-31,12.8087179743795,9991,14.96,5226,18.0117577800744,182,108,25753,0.165895571711831,0,0,0,0,0,0
"304",2021-01-01,14.8961338868708,3853,18.28,1783,17.9130632168959,212,153,5026,0.149900066622252,0,0,0,0,0,0
"305",2021-01-02,15.3381608919794,8340,2.5,3885,19.4428289461625,233,55,10722,0.151116951379763,7,19,0,0,0,0
"306",2021-01-03,15.318352688172,9299,5.44,2907,18.8013142855023,223,223,7750,0.150292778139232,0,0,0,0,0,0
"307",2021-01-04,9.61886596722857,8482,2.67,5389,20.4791218595366,264,89,7728,0.162864385297845,3,15,0,0,0,0
"308",2021-01-05,12.4596917596035,12911,9.11,8840,19.3934816645732,260,160,7780,0.15547263681592,1,8,0,0,0,0
"309",2021-01-06,17.9952226075546,10668,5.52,6126,18.94935613027,246,145,9188,0.143032535297729,1,4,0,0,0,0
"310",2021-01-07,16.0945574262377,11997,14.48,5871,21.0712892386075,318,134,11415,0.140340218712029,2,2,0,0,0,0
"311",2021-01-08,15.1776702100734,15803,6.3,6429,22.5023604046957,273,87,5811,0.131642512077295,2,11,0,0,0,0
"312",2021-01-09,17.128611960185,12758,12.44,5819,21.7128038992677,334,118,9495,0.126964933494559,2,18,0,0,0,0
"313",2021-01-10,16.7139383082838,11443,8.03,3149,22.6997495310526,351,191,7853,0.108490566037736,0,1,0,0,0,0
"314",2021-01-11,15.2709686796018,13760,15.79,4941,23.785389726016,334,117,93575.8720219526,0.0977751756440282,1,4,0,0,0,0
"315",2021-01-12,16.3891628717603,17786,8.46,5840,23.2425696285343,397,120,7139,0.0935672514619883,16,6,0,0,0,0
"316",2021-01-13,13.0189676369553,22123,22.06,9709,24.6736407946224,425,89,7406,0.0870561282932417,9,9,0,0,0,0
"317",2021-01-14,15.5192307305798,39803,14.37,8226,23.1932223469451,395,76,9593,0.0792134831460675,12,3,0,0,0,0
"318",2021-01-15,16.564199695122,18367,14.65,10246,25.6605864264073,442,89,6877,0.0768367919237241,19,6,0,0,0,0
"319",2021-01-16,14.6110056962328,20890,11.9,10844,28.0292559426911,448,64,8449,0.074792243767313,10,2,0,0,0,0
"320",2021-01-17,15.1932819490372,20563,14.69,5229,29.5096743903684,502,168,4955,0.0711938663745892,0,3,0,0,0,0
"321",2021-01-18,18.2220190189652,18612,13.45,7584,30.4966200221533,471,104,7588,0.0696030451332246,3,14,0,0,0,0
"322",2021-01-19,17.9491707732282,22321,17.04,8534,31.5822602171167,585,68,5530,0.0679978413383702,5,15,0,0,0,0
"323",2021-01-20,14.6263171911517,18398,13,11856,31.434218372349,509,47,4728,0.069348861831657,1,6,0,0,0,0
"324",2021-01-21,13.5821879330362,26700,12.79,12216,34.0496242965789,522,85,16427,0.0646687697160884,2,9,0,0,0,0
"325",2021-01-22,19.2981204151011,22355,14.81,10317,32.5198585673124,557,111,7527,0.057580559957739,0,3,0,0,0,0
"326",2021-01-23,15.4404219673543,25546,15.73,7192,35.9741682785595,538,49,7094,0.0509989484752892,1,5,0,0,0,0
"327",2021-01-24,20.3179793653884,15410,14.44,4509,35.7274318706133,565,96,3692,0.0527415143603133,0,5,0,0,0,0
"328",2021-01-25,13.9595860879563,24352,23.17,4510,42.1919257588043,634,68,4524,0.0528223718280684,0,7,0,0,0,0
"329",2021-01-26,17.0090394798318,25683,27.49,8593,37.4052394446476,616,95,4924,0.0551546391752578,0,8,0,0,0,0
"330",2021-01-27,15.1830735883424,27449,16.9,9153,38.490879639611,566,136,5210,0.0508826583592938,1,6,0,0,0,0
"331",2021-01-28,16.945685132291,26607,15.73,10686,38.9350051739142,572,84,14553,0.0442159383033419,0,7,0,0,0,0
"332",2021-01-29,14.1988112900767,39361,14.95,10428,39.8232562425206,628,89,3844,0.0462249614791987,0,6,0,0,0,0
"333",2021-01-30,15.3267738190552,24979,16.3,8514,41.3036746901979,648,43,5847,0.0418388429752066,0,2,0,0,0,0
"334",2021-01-31,24.1095528122441,15876,13.84,4690,42.5373567299291,586,51,2679,0.0532429816069699,0,0,0,0,0,0
"335",2021-02-01,18.1154105236401,31471,14.47,9308,44.1164697407849,660,79,6803,0.0643469971401335,1,0,0,0,0,0
"336",2021-02-02,19.3670076036997,35245,16.95,10300,38.9843524555034,666,117,5582,0.0695569318723201,0,10,0,0,0,0
"337",2021-02-03,12.4664510804322,39983,16.36,10574,39.2804361450389,684,70,4989,0.0580524344569289,8,5,0,0,0,0
"338",2021-02-04,18.8741338841986,33401,18.24,9261,44.6592898382666,666,68,5509,0.0585754451733833,0,13,0,0,0,0
"339",2021-02-05,18.3803803988905,37854,4.96,9579,43.129524109,689,68,3483,0.0650860065086006,0,12,0,0,0,0
"340",2021-02-06,19.5839032189299,23454,47.95,3393,42.4386621667506,742,23,3666,0.0682768230376219,0,5,0,0,0,0
"341",2021-02-07,16.7359558758511,22617,13.52,5453,44.2151643039634,683,93,4897,0.0578435909301249,17,1,0,0,0,0
"342",2021-02-08,17.7251166834093,25881,18.52,5232,46.0410137227654,691,101,3817,0.0607888631090487,27,3,2,2,0,0
"343",2021-02-09,15.9311666372359,33977,19.97,6564,45.5968881884622,681,57,5104,0.0631578947368421,3757,4,0,0,0,0
"344",2021-02-10,14.1055253623188,48575,17.1,11431,45.7942773148192,736,48,4233,0.0634703196347032,16610,20,1,0,0,0
"345",2021-02-11,13.5111521036914,49222,20.93,8538,48.6070723654062,715,72,7373,0.0581025873808443,34132,2,1,0,0,0
"346",2021-02-12,13.3554506656052,45221,4.82,8651,50.4329217842082,683,77,5375,0.0544711756695415,32385,0,1,0,0,0
"347",2021-02-13,13.6746998137269,41873,36.72,6449,47.7188212967998,721,22,10015,0.0558329550612801,18912,1,1,0,0,0
"348",2021-02-14,13.552393305865,19658,16.19,3330,45.0540680909805,699,44,2652,0.054825555052107,5286,1,0,0,0,0
"349",2021-02-15,14.382946218004,34769,16.06,7642,46.3864446938902,705,102,4800,0.0598911070780399,11494,0,0,0,0,0
"350",2021-02-16,14.5896659738406,47630,4.83,9504,49.9394489683158,703,103,4176,0.057570262919311,7537,1,0,0,0,0
"351",2021-02-17,14.2264830517049,49414,27.86,9463,48.8044614917632,650,272,3190,0.0590622182146078,3953,1,0,0,0,0
"352",2021-02-18,13.7968631979641,46760,18.5,6855,45.2514572173375,680,46,9612,0.0587164314974966,7416,1,0,0,0,0
"353",2021-02-19,13.0770521536828,44272,8.21,7134,47.6694740152105,676,35,2120,0.0541155070486585,30543,8,2,0,0,0
"354",2021-02-20,13.9808843054781,39465,33.52,5644,44.8566789646236,681,26,3451,0.0540417801998183,26141,0,0,0,0,0
"355",2021-02-21,15.7095211805924,18837,13.5,3623,46.9292647913718,695,49,2811,0.050747621205256,4558,1,0,0,0,0
"356",2021-02-22,12.9131545377518,42487,15.97,7844,45.6955827516407,667,86,3564,0.0471698113207547,30469,10,0,0,0,0
"357",2021-02-23,14.0111794590141,43697,21.46,5499,43.4749550801247,733,74,4964,0.0491071428571429,27271,2,1,0,0,0
"358",2021-02-24,14.2730922460743,47188,17.57,6756,46.1397082859439,690,62,3598,0.0523255813953488,22917,4,0,0,0,0
"359",2021-02-25,13.8836962465295,47182,16.26,6696,43.2282186721785,706,48,4846,0.0526548672566372,15819,5,2,0,0,0
"360",2021-02-26,13.6868770920951,46603,17.89,6260,45.547540906873,669,54,2390,0.0503533568904594,15638,4,1,0,0,0
"361",2021-02-27,13.4107760192353,37846,17.72,4894,45.8436245964085,666,15,4128,0.0536499560246262,6820,0,0,0,0,0
"362",2021-02-28,15.779707622694,17237,16.06,2578,44.8073316830343,631,39,1962,0.0630472854640981,1019,2,0,1,0,0
"363",2021-03-01,11.8280644567219,38009,14.43,5973,48.5083778022277,595,50,2354,0.0527936647602287,9304,8,2,0,0,0
"364",2021-03-02,11.6047865687303,47649,19.78,5774,46.7812229466041,667,60,3990,0.0510248582642826,7126,2152,0,0,0,0
"365",2021-03-03,7.70302396261914,48366,16.72,6891,48.7551142101739,684,109,4757,0.0549692172383466,6414,12064,0,0,0,0
"366",2021-03-04,15.0721617792889,49412,16,6244,45.5968881884622,623,109,2649,0.0502817511920243,3783,29253,0,0,0,0
"367",2021-03-05,11.5521334039174,49113,15.68,6353,44.9060262462128,660,43,2682,0.0524945770065076,4626,32345,0,0,1,0
"368",2021-03-06,12.2122903592542,43979,16.82,5007,43.129524109,624,9,2482,0.0459869848156182,3027,17013,0,0,0,0
"369",2021-03-07,14.112144387828,20998,15.23,2153,41.4517165349657,650,35,2369,0.0527225583405359,142,2476,0,0,0,0
"370",2021-03-08,11.8662816243352,40237,14.01,5580,45.9916664411762,639,39,2712,0.0512268618166164,17974,12692,0,0,0,0
"371",2021-03-09,12.1134398281891,52615,14.48,7326,46.2384028491224,678,77,3606,0.0521102497846684,19604,7527,2,0,0,0
"372",2021-03-10,11.6214904532305,51849,13.81,7888,42.5373567299291,669,61,1970,0.0490111779879622,12947,5082,1,0,0,0
"373",2021-03-11,11.8136762819965,58482,13.58,8326,43.7710387696602,663,36,6278,0.0544899738448126,8565,5911,6,0,0,0
"374",2021-03-12,8.15607578086918,53337,12.06,8326,44.9553735278021,699,43,1586,0.0460215053763441,8749,17778,4,0,0,0
"375",2021-03-13,8.54979748454487,42218,10.42,8006,44.8073316830343,657,16,2158,0.0446808510638298,6222,29525,0,0,0,0
"376",2021-03-14,14.845013285666,41397,12.34,3429,45.4488463436945,619,42,2384,0.0468883205456095,713,2715,0,0,0,0
"377",2021-03-15,12.6005786304198,58119,9.73,7863,46.9786120729611,661,33,2185,0.0529487731381834,18157,29834,0,0,0,0
"378",2021-03-16,11.8285901942936,63717,14.18,7033,45.152762654159,678,55,2256,0.0563798219584569,22664,24960,0,0,0,1
"379",2021-03-17,12.1207415269104,57003,15.29,6637,45.6955827516407,712,42,1915,0.0471938775510204,22420,24455,1,0,0,0
"380",2021-03-18,12.8226214872499,56116,14.63,6335,46.0410137227654,708,26,5410,0.0500211954217888,26217,16636,0,0,0,0
"381",2021-03-19,13.4600859802576,60478,14.02,7089,44.0671224591957,677,95,2003,0.0526315789473685,25675,15836,0,0,0,0
"382",2021-03-20,9.95495190086116,47609,18.54,4347,43.7216914880709,699,138,4451,0.046748831279218,18174,6396,0,0,0,0
"383",2021-03-21,17.9521767254347,33237,12.86,3865,44.2151643039634,756,49,1512,0.0469940728196444,686,1032,0,0,0,0
"384",2021-03-22,13.9403992321026,53652,13.02,7595,44.9553735278021,735,40,1577,0.0424989375265619,8699,8764,0,0,0,0
"385",2021-03-23,15.8525172918432,64914,14.83,6534,44.8073316830343,685,43,1185,0.0432955023118957,15651,9305,0,0,0,0
"386",2021-03-24,11.2150812483879,62031,15.42,6406,46.2384028491224,748,24,1226,0.0387368421052632,14682,7398,1,0,0,0
"387",2021-03-25,18.9099941123502,57747,16.03,6240,45.547540906873,746,46,3746,0.0388633514417049,12961,4816,0,0,0,0
"388",2021-03-26,10.9639602775093,69330,16.13,6126,45.1034153725698,735,16,990,0.0359127832407011,16640,4769,0,0,0,0
"389",2021-03-27,12.1922681419787,66516,17.54,4561,48.8044614917632,740,300,3069,0.0396290050590219,11300,3119,0,0,0,0
"390",2021-03-28,10.5771786103491,26610,14.36,2953,47.9162104231567,747,44,1298,0.0434782608695652,2099,206,1,0,0,0
"391",2021-03-29,12.5411549566891,48832,18.05,4599,46.9786120729611,765,26,1230,0.0360248447204969,4912,12503,0,0,0,0
"392",2021-03-30,11.7579081905169,65526,17.46,5876,48.7551142101739,795,60,1278,0.0399636693914623,4661,21974,0,0,0,0
"393",2021-03-31,16.2310091196926,73905,16.27,5647,46.9292647913718,764,1314,5224,0.0396496081143384,7659,17611,0,0,1,0
"394",2021-04-01,12.9305467072108,47026,14.15,3831,49.1992397444771,750,307,3555,0.0368154624942476,2476,4316,0,0,0,0
"395",2021-04-02,14.6519366777505,34584,16.66,3290,47.2253484809073,787,36,3293,0.0371900826446281,1156,2809,0,0,0,0
"396",2021-04-03,15.0894600448673,51707,18.93,3190,49.2979343076556,847,20,1330,0.0347826086956522,2710,6199,0,0,0,0
"397",2021-04-04,19.2665164166796,38801,14.57,2512,51.3211728528146,805,43,922,0.0367180417044425,279,1322,0,0,0,0
"398",2021-04-05,13.5494859230377,56936,14.39,4655,53.9365787770446,813,28,1104,0.0343290236290682,6161,10424,0,0,1,0
"399",2021-04-06,13.7892384860921,59210,12.94,8802,52.8509385820812,823,148,1171,0.0258697591436218,11781,18665,0,0,0,0
"400",2021-04-07,11.7329777001577,76726,19.4,4975,50.5316163473867,830,57,1655,0.0344980097302079,13898,17018,1,0,0,0
"401",2021-04-08,11.9627037541816,80709,18.35,4969,52.209423921421,782,39,2451,0.0301573426573427,17009,28845,0,0,0,0
"402",2021-04-09,16.3696867751251,63372,16.2,5938,55.6143863510789,760,37,1258,0.0325238508239376,16638,18427,0,0,0,0
"403",2021-04-10,13.8134854308012,50997,17.3,5103,50.8277000369222,833,27,3030,0.034898750538561,4197,8829,1,0,0,0
"404",2021-04-11,22.9671196101466,22982,20.95,1656,51.2224782896362,783,130,1003,0.0298184961106309,34,80,0,0,0,0
"405",2021-04-12,11.0229582041371,47085,9.62,12447,54.5780934377048,823,53,2203,0.0307560871422469,915,13247,2,0,0,0
"406",2021-04-13,10.858824826406,60773,11.85,12068,53.4431059611522,842,46,995,0.0320786997433704,1890,20133,0,0,0,0
"407",2021-04-14,19.9588707617184,61846,17.21,5705,50.5316163473867,846,31,836,0.032618025751073,2742,20694,0,0,1,0
"408",2021-04-15,11.1669750141252,63715,15.98,5450,50.6303109105652,800,17,317,0.0290102389078498,1853,21561,0,0,0,0
"409",2021-04-16,10.3584134582507,73114,17.78,5642,53.9859260586339,828,63,541,0.0279305966991114,19702,21887,0,0,0,0
"410",2021-04-17,11.2059120001395,57340,18.59,3786,49.9394489683158,827,51,1671,0.0241423125794155,29648,14640,0,0,0,0
"411",2021-04-18,11.5299758228707,23575,12.69,2459,51.7652983871178,758,50,1888,0.0292397660818714,27937,3177,0,0,0,0
"412",2021-04-19,18.2159210710536,57139,15.35,5805,53.7885369322769,766,70,2354,0.0235829540753,6965,4023,0,0,0,0
"413",2021-04-20,12.7725523718678,54513,21.44,3530,52.9002858636705,762,67,2799,0.0296907216494845,11282,5160,0,0,0,0
"414",2021-04-21,10.9840262828337,63082,16.41,5303,50.5316163473867,734,44,1165,0.026650266502665,9856,10291,0,0,0,0
"415",2021-04-22,15.2800672568493,66758,14.72,5759,52.0120347950641,757,27,606,0.026240262402624,8244,2550,0,0,0,0
"416",2021-04-23,11.0088945389591,69418,15.45,5516,50.6303109105652,792,25,5697,0.0269039735099338,26412,2605,0,0,0,0
"417",2021-04-24,11.0913856391003,59661,19.85,4060,49.2979343076556,699,25,554,0.0243700950020652,27687,2468,0,0,0,0
"418",2021-04-25,17.9025501921021,34616,16.24,2556,48.0149049863352,723,87,2006,0.0274252967662709,15560,140,0,0,0,0
"419",2021-04-26,9.99587378240733,60672,16.53,4895,47.3240430440858,711,57,1480,0.0234761120263591,15366,4518,1,0,0,0
"420",2021-04-27,10.7502906856212,67529,19.15,5315,46.6331811018364,718,78,2644,0.0198863636363636,19715,10839,1,0,1,0
"421",2021-04-28,14.7714014990284,54034,14.26,4749,49.2485870260664,677,72,1587,0.0244399185336049,39529,11859,2,0,0,0
"422",2021-04-29,9.72439307047205,67132,15.28,6013,49.5446707156018,715,17,1264,0.0211554109031733,44743,12893,2,0,0,0
"423",2021-04-30,9.20558927270636,52165,15.84,4229,44.3632061487311,675,105,2560,0.0260056887444129,81269,18342,1,0,1,0
"424",2021-05-01,13.4478906404918,40343,18.82,3497,45.9916664411762,667,26,1342,0.0199025182778229,63190,3001,0,0,0,0
"425",2021-05-02,13.3663308555335,21658,13.88,1686,45.2514572173375,614,72,1848,0.0248371335504886,47993,1085,0,0,0,0
"426",2021-05-03,7.64698117277898,50989,15.35,4314,46.8305702281934,626,80,1630,0.026390580592773,59291,5055,0,0,0,0
"427",2021-05-04,8.32840888797307,58235,19.5,4712,44.5112479934989,617,329,2733,0.0240325865580449,22901,1513,0,0,0,0
"428",2021-05-05,11.0550656346189,66275,14.89,5965,46.5838338202471,594,99,2682,0.0259845716605765,20521,4589,0,0,0,0
"429",2021-05-06,8.95545789203705,66281,14.79,5809,42.1425784772151,602,65,1813,0.0251012145748988,39255,2070,0,0,1,0
"430",2021-05-07,7.72824852721703,63654,14.3,4705,43.2775659537677,575,112,2461,0.0226904376012966,33535,14835,0,0,1,0
"431",2021-05-08,8.52805930466572,54160,15.47,3975,38.1454486684863,544,39,305,0.0206310679611651,61150,22753,0,0,0,0
"432",2021-05-09,13.2414963436083,21605,14.89,1471,41.8958420692689,546,37,3172,0.0231143552311436,33350,25476,0,0,0,0
"433",2021-05-10,8.30252616518365,51021,13.17,4805,39.6752143977529,566,355,5276,0.0291026677445433,47552,9053,0,0,0,0
"434",2021-05-11,8.41422478483261,65297,30.77,6201,42.3399676035721,509,NA,NA,0.0289272800321414,42784,12574,0,0,0,0
"435",2021-05-12,11.1301155141986,62329,11.18,6610,39.1817415818604,516,NA,NA,0.0293172690763053,57722,11418,1,0,0,0
"436",2021-05-13,7.56638696487963,65545,14.54,5310,38.293490513254,537,NA,NA,0.0281350482315113,73445,8437,0,0,1,0
"437",2021-05-14,8.70156903915868,55721,11,6335,37.0104611919336,453,NA,NA,0.0253623188405797,88012,20959,0,0,0,0
"438",2021-05-15,7.49998513513513,51799,10.22,5589,37.3065448814691,500,NA,NA,0.0294354838709677,53006,22025,0,0,0,0
"439",2021-05-16,15.3871060972558,23977,18.94,3131,38.9843524555034,450,NA,NA,0.0316173490068909,23656,14547,0,0,0,0
"440",2021-05-17,7.94512849162011,48329,12.61,5775,38.1454486684863,470,NA,NA,0.0291852452371301,51162,8345,0,0,0,0
"441",2021-05-18,8.06766011287396,60066,11.47,7562,36.9117666287551,431,NA,NA,0.0218181818181818,59627,9911,0,0,0,0
"442",2021-05-19,10.1880541746118,58735,10.53,7219,38.490879639611,429,NA,NA,0.023142509135201,60337,20382,0,0,0,0
"443",2021-05-20,7.85474184473992,57232,10.22,6957,33.6054987622757,453,NA,NA,0.0247063588497367,70337,16451,0,0,0,0
"444",2021-05-21,8.24983551496886,55080,11.51,6438,34.5430971124714,451,NA,NA,0.0235294117647059,109271,53975,0,0,0,0
"445",2021-05-22,8.35345635899339,45816,12.85,4739,32.7172476936693,441,NA,NA,0.0213795885437676,79414,52369,2,0,0,0
"446",2021-05-23,6.32948914369358,20494,10.77,3130,33.7041933254542,424,NA,NA,0.0186764108810393,45553,43389,3,0,0,0
"447",2021-05-24,11.0325442279568,42393,12.12,5406,34.5430971124714,419,NA,NA,0.0242620299231703,69673,52652,1,0,0,0
"448",2021-05-25,7.88082746511758,53536,11.16,6926,32.9146368200263,398,NA,NA,0.0191368078175895,77844,23719,2,0,0,0
"449",2021-05-26,7.51223106680554,53767,10.63,7237,33.2107205095618,415,NA,NA,0.0206227254346947,83336,12809,1,0,0,0
"450",2021-05-27,9.49800885394954,50372,10.09,7094,33.6054987622757,387,NA,NA,0.0234627831715211,90381,27095,0,0,0,0
"451",2021-05-28,7.22563643630236,92577,8.96,13689,31.7303020618844,369,NA,NA,0.0253827558420628,124711,27855,3,0,1,0
"452",2021-05-29,7.5432571446993,62038,9.09,10316,30.9900928380458,333,NA,NA,0.025,75422,56217,1,0,0,0
"453",2021-05-30,7.26674871490708,50579,9.73,6875,30.842050993278,328,NA,NA,0.0283860502838605,33912,31716,0,0,0,0
"454",2021-05-31,5.42909109117129,49927,9.33,5908,31.8783439066522,307,NA,NA,0.0314769975786925,69035,43479,2,0,0,0
"455",2021-06-01,15.2290978287172,45456,9.95,5538,33.1120259463833,334,NA,NA,0.033816425120773,75822,37976,5,0,0,0
"456",2021-06-02,7.24527789695386,51277,10.54,4827,31.4835656539382,285,NA,NA,0.0334812424364663,78305,36496,4,0,0,0
"457",2021-06-03,14.7000036607524,NA,18.5,NA,29.3122852640114,314,NA,NA,0.0378726833199033,38803,26918,0,0,0,0
"458",2021-06-04,8.07,NA,NA,NA,27.9799086611018,326,NA,NA,0.0374546919049537,16192,21616,0,0,0,0
"459",2021-06-05,8.16,NA,NA,NA,29.2629379824222,302,NA,NA,0.0382293762575453,7616,13727,0,0,0,0
"460",2021-06-06,7.7,NA,NA,NA,27.3383940004416,271,NA,NA,0.0360615883306321,1885,304,0,0,0,0
"461",2021-06-07,7.56,NA,NA,NA,27.4864358452094,252,NA,NA,0.038414384961177,7992,23540,17,0,1,0
"462",2021-06-08,8.12,NA,NA,NA,25.6112391448181,242,NA,NA,0.0453061224489796,101596,116871,9,0,0,0
"463",2021-06-09,7.26,NA,NA,NA,27.0916575924954,261,NA,NA,0.0450266066311912,115169,92350,8,0,0,0
"464",2021-06-10,6.78,NA,NA,NA,27.8812140979233,253,NA,NA,0.0507910074937552,124740,106748,14,0,0,0
"465",2021-06-11,9.04,NA,NA,NA,25.8086282711751,223,NA,NA,0.0525218841183827,90837,135567,9,0,5,0
"466",2021-06-12,7.56,NA,NA,NA,23.588000599659,245,NA,NA,0.0524781341107872,75574,89356,6,0,0,0
"467",2021-06-13,6.63,NA,NA,NA,24.4762516682654,232,NA,NA,0.0482382550335571,37257,47152,1,0,0,0
"468",2021-06-14,8.29,NA,NA,NA,23.7360424444268,227,NA,NA,0.0464824120603015,36434,78848,4,0,3,0
"469",2021-06-15,7.93,NA,NA,NA,24.1308206971407,219,NA,NA,0.0488313856427379,42190,89616,10,0,0,0
"470",2021-06-16,7.25,NA,NA,NA,23.3412641917128,212,NA,NA,0.0500208420175073,38233,77308,17,0,2,0
"471",2021-06-17,7.99,NA,NA,NA,21.6141093360892,192,NA,NA,0.0546060858691121,40684,100706,1,0,1,0
"472",2021-06-18,8.62,NA,NA,NA,22.8971386574096,201,NA,NA,0.0529828952857739,35743,139481,41,0,2,0
"473",2021-06-19,8.48,NA,NA,NA,23.3412641917128,219,NA,NA,0.0520616409829238,22689,92088,3,0,0,0
"474",2021-06-20,6.22,NA,NA,NA,22.3049712783387,198,NA,NA,0.061078348778433,6251,27328,5,0,0,0
"475",2021-06-21,7.34,NA,NA,NA,22.9958332205881,168,NA,NA,0.0588235294117647,44361,68855,1,0,0,0
"476",2021-06-22,7.05,NA,NA,NA,21.2686783649645,177,NA,NA,0.0621301775147929,47074,95161,1,0,0,0
"477",2021-06-23,6.38,NA,NA,NA,19.344134382984,177,NA,NA,0.0604395604395604,41327,88068,61,0,3,0
"478",2021-06-24,6.47,NA,NA,NA,21.169983801786,187,NA,NA,0.0773411371237458,44280,42137,1,0,0,0
"479",2021-06-25,7.63,NA,NA,NA,21.6634566176785,178,NA,NA,0.0839278220730172,92802,34995,2,0,0,0
"480",2021-06-26,6.81,NA,NA,NA,21.6634566176785,152,NA,NA,0.0857381848598913,69626,13002,1,0,0,0
"481",2021-06-27,6.09,NA,NA,NA,19.8869544804657,155,NA,NA,0.0960570469798657,47416,4008,3,0,0,0
"482",2021-06-28,6.67,NA,NA,NA,19.3934816645732,165,NA,NA,0.106391925988225,42618,14028,6,0,0,0
"483",2021-06-29,6.48,NA,NA,NA,19.9363017620549,159,NA,NA,0.0985074626865672,31259,69980,7,0,2,0
"484",2021-06-30,5.84,NA,NA,NA,19.2454398198055,131,NA,NA,0.105263157894737,84104,98841,25,0,6,0
"485",2021-07-01,6.14,NA,NA,NA,21.3180256465538,134,NA,NA,0.106974753958066,100510,102050,3,0,1,0
"486",2021-07-02,6.2,NA,NA,NA,18.5052305959668,139,NA,NA,0.108788395904437,116839,91880,4,0,0,0
"487",2021-07-03,5.87,NA,NA,NA,19.4428289461625,151,NA,NA,0.114383269312847,124916,73414,1,0,0,0
"488",2021-07-04,4.89,NA,NA,NA,18.8013142855023,127,NA,NA,0.125212224108659,100466,35760,2,0,0,0
"489",2021-07-05,5.79,NA,NA,NA,18.5545778775561,120,NA,NA,0.129770992366412,151556,37150,3,0,0,0
"490",2021-07-06,6.07,NA,NA,NA,17.7650213721281,115,NA,NA,0.127194860813704,172781,41992,2,0,1,0
"491",2021-07-07,5.03,NA,NA,NA,16.8767703035217,123,NA,NA,0.132198952879581,137885,34717,2,0,2,0
"492",2021-07-08,5.18,NA,NA,NA,18.4558833143776,96,NA,NA,0.148068669527897,115876,43853,10,0,3,0
"493",2021-07-09,5.31,NA,NA,NA,19.344134382984,109,NA,NA,0.152981849611063,123232,41361,2,0,1,0
"494",2021-07-10,5.3,NA,NA,NA,18.3078414696098,108,NA,NA,0.158757549611734,242086,27235,8,0,1,0
"495",2021-07-11,4.77,NA,NA,NA,16.8274230219325,94,NA,NA,0.157963446475196,170539,11059,10,0,0,0
"496",2021-07-12,5.43,NA,NA,NA,18.3571887511991,81,NA,NA,0.169909208819715,84813,22952,6,0,1,0
"497",2021-07-13,5.27,NA,NA,NA,17.5676322457712,99,NA,NA,0.181740614334471,86893,25660,2,0,0,0
"498",2021-07-14,4.46,NA,NA,NA,14.2613643792918,90,NA,NA,0.181347150259067,119671,30293,8,0,2,0
"499",2021-07-15,4.66,NA,NA,NA,16.33395020604,83,NA,NA,0.187986171132239,142505,58285,1,0,0,0
"500",2021-07-16,5.14,NA,NA,NA,16.4819920508078,91,NA,NA,0.183080260303688,133649,95437,7,0,0,0
"501",2021-07-17,5.34,NA,NA,NA,15.3963518558444,89,NA,NA,0.18866291648637,228068,81774,17,0,0,0
"502",2021-07-18,4.62,NA,NA,NA,14.8535317583627,106,NA,NA,0.191296464188577,131959,47100,8,0,2,0
"503",2021-07-19,5.13,NA,NA,NA,16.4819920508078,88,NA,NA,0.201002734731085,57813,40993,4,0,1,0
"504",2021-07-20,4.77,NA,NA,NA,16.8767703035217,84,NA,NA,0.197997269003186,71750,32049,2,0,0,0
"505",2021-07-21,4.36,NA,NA,NA,15.8404773901476,75,NA,NA,0.21,86937,72956,6,0,3,0
"506",2021-07-22,4.65,NA,NA,NA,15.0509208847197,79,NA,NA,0.224286361576801,110683,84146,15,0,5,0
"507",2021-07-23,5.04,NA,NA,NA,15.8898246717368,62,NA,NA,0.222171532846715,147566,101497,9,0,5,0
"508",2021-07-24,4.38,NA,NA,NA,15.9885192349153,77,NA,NA,0.229619565217391,276692,112466,7,0,5,0
"509",2021-07-25,4,NA,NA,NA,14.9028790399519,84,NA,NA,0.236794171220401,207109,101584,8,0,1,0
"510",2021-07-26,4.12,NA,NA,NA,16.33395020604,60,NA,NA,0.236627379873073,52608,25582,2,0,0,0
"511",2021-07-27,4.01,NA,NA,NA,15.6924355453799,77,NA,NA,0.234827264239029,40940,214990,5,0,0,0
"512",2021-07-28,3.01,NA,NA,NA,14.705489913595,73,NA,NA,0.235892691951896,14150,102332,7,0,1,0
"513",2021-07-29,3.41,NA,NA,NA,12.4355149604897,59,NA,NA,0.25,15710,49724,5,0,0,0
"514",2021-07-30,5.67,NA,NA,NA,15.3963518558444,56,NA,NA,0.244527247321844,37630,128959,9,0,2,0
"515",2021-07-31,4.51,NA,NA,NA,16.2352556428616,62,NA,NA,0.24160447761194,59233,217472,11,0,2,0
"516",2021-08-01,4.94,NA,NA,NA,14.310711660881,54,NA,NA,0.248819641170916,52815,157097,7,0,0,0
"517",2021-08-02,5.02,NA,NA,NA,17.4689376825927,66,NA,NA,0.266823529411765,41012,108513,2,0,0,0
"518",2021-08-03,4.57,NA,NA,NA,13.2250714659176,62,NA,NA,0.253012048192771,38447,101875,3,0,0,0
"519",2021-08-04,4.96,NA,NA,NA,12.7809459316144,63,NA,NA,0.267274472168906,49460,112704,4,0,0,0
"520",2021-08-05,4.83,NA,NA,NA,14.2120170977025,69,NA,NA,0.274735830931796,51208,121761,2,0,0,0
"521",2021-08-06,5.07,NA,NA,NA,13.3731133106854,72,NA,NA,0.279148524431543,156000,129780,7,0,0,0
"522",2021-08-07,4.34,NA,NA,NA,14.3600589424702,66,NA,NA,0.285575522098106,290658,207188,4,0,4,0
"523",2021-08-08,4.94,NA,NA,NA,14.6561426320057,57,NA,NA,0.280428432327167,222571,140883,11,0,1,0
"524",2021-08-09,4.78,NA,NA,NA,14.3600589424702,74,NA,NA,0.275036638983879,53675,52543,0,0,0,0
"525",2021-08-10,6.17,NA,NA,NA,15.9885192349153,51,NA,NA,0.288932419196866,60919,63940,5,0,1,0
"526",2021-08-11,3.96,NA,NA,NA,14.6067953504165,59,NA,NA,0.288452088452088,42151,78243,2,1,0,0
"527",2021-08-12,4.44,NA,NA,NA,14.6067953504165,56,NA,NA,0.301775147928994,37948,80524,2,1,0,0
"528",2021-08-13,4.48,NA,NA,NA,16.0378665165046,45,NA,NA,0.310598626104024,34667,83672,5,1,0,0
"529",2021-08-14,6.28,NA,NA,NA,12.8796404947929,51,NA,NA,0.317241379310345,40021,195376,11,1,1,0
"530",2021-08-15,3.01,NA,NA,NA,14.0639752529348,54,NA,NA,0.331849653808111,21272,176478,9,0,1,0
"531",2021-08-16,5,NA,NA,NA,14.0639752529348,52,NA,NA,0.333001988071571,32814,47800,5,0,1,0
"532",2021-08-17,4.13,NA,NA,NA,13.0770296211499,42,NA,NA,0.336509528585757,37642,63605,5,0,1,0
"533",2021-08-18,3.35,NA,NA,NA,13.1263769027391,50,NA,NA,0.336168084042021,34932,54969,5,0,0,0
"534",2021-08-19,3.46,NA,NA,NA,12.1887785525435,45,NA,NA,0.341524573721164,43489,58970,6,0,0,0
"535",2021-08-20,4.06,NA,NA,NA,13.2250714659176,50,NA,NA,0.344360902255639,82018,69457,20,0,0,0
"536",2021-08-21,3.58,NA,NA,NA,14.7548371951842,39,NA,NA,0.343043696634857,186932,130701,12,0,0,0
"537",2021-08-22,3.73,NA,NA,NA,13.6198497186316,44,NA,NA,0.356164383561644,152249,80305,11,0,0,0
"538",2021-08-23,3.69,NA,NA,NA,14.3600589424702,50,NA,NA,0.360714285714286,34968,46356,13,0,0,0
"539",2021-08-24,3.65,NA,NA,NA,13.915933408167,29,NA,NA,0.370975983648442,37930,39725,8,0,1,0
"540",2021-08-25,3.8,NA,NA,NA,15.3470045742551,35,NA,NA,0.379539641943734,53669,38259,15,0,0,0
"541",2021-08-26,3.37,NA,NA,NA,13.4718078738638,41,NA,NA,0.37493632195619,70814,36562,15,0,1,0
"542",2021-08-27,3.64,NA,NA,NA,13.5705024370423,48,NA,NA,0.379292670425423,55256,119058,13,0,1,0
"543",2021-08-28,3.37,NA,NA,NA,15.8898246717368,35,NA,NA,0.379081632653061,231194,233373,21,0,0,0
"544",2021-08-29,3.34,NA,NA,NA,14.2613643792918,39,NA,NA,0.380102040816326,179712,229976,10,1,3,0
"545",2021-08-30,2.94,NA,NA,NA,13.2744187475069,45,NA,NA,0.401869158878505,7857,10263,9,0,0,0
"546",2021-08-31,3.29,NA,NA,NA,12.9289877763822,30,NA,NA,0.407426778242678,71254,49238,13,0,0,0
"547",2021-09-01,3.3,NA,NA,NA,14.1626698161133,32,NA,NA,0.420282279142708,82506,71469,15,0,0,0
"548",2021-09-02,3.84,NA,NA,NA,12.9289877763822,38,NA,NA,0.424764890282132,127480,59046,9,0,0,0
"549",2021-09-03,3.85,NA,NA,NA,13.0276823395606,39,NA,NA,0.429625724828677,146524,68661,7,0,0,0
"550",2021-09-04,3.22,NA,NA,NA,15.0509208847197,47,NA,NA,0.436046511627907,290218,75709,12,0,0,0
"551",2021-09-05,3.25,NA,NA,NA,13.1263769027391,31,NA,NA,0.432131495227996,238535,33646,11,0,0,0
"552",2021-09-06,3.68,NA,NA,NA,12.6822513684359,37,NA,NA,0.427505330490405,111498,30272,7,0,2,0
"553",2021-09-07,3.35,NA,NA,NA,11.695305736651,29,NA,NA,0.4446227929374,175335,38577,8,0,0,0
"554",2021-09-08,3.64,NA,NA,NA,14.2613643792918,37,NA,NA,0.440987124463519,299567,54741,7,0,0,0
"555",2021-09-09,3.65,NA,NA,NA,13.5211551554531,40,NA,NA,0.454496499730749,299694,51116,14,0,1,0
"556",2021-09-10,4.13,NA,NA,NA,12.6822513684359,35,NA,NA,0.455913978494624,339455,75764,20,0,1,0
"557",2021-09-11,3.9,NA,NA,NA,12.8796404947929,25,NA,NA,0.45781837721655,483701,119851,17,0,1,0
"558",2021-09-12,2.95,NA,NA,NA,14.2613643792918,34,NA,NA,0.466915688367129,367432,124645,9,0,3,0
"559",2021-09-13,3.51,NA,NA,NA,14.3600589424702,39,NA,NA,0.467707212055974,171457,39453,8,0,0,0
"560",2021-09-14,3.32,NA,NA,NA,13.5211551554531,38,NA,NA,0.47046186895811,261390,41179,18,0,2,0
"561",2021-09-15,3.72,NA,NA,NA,12.090083989365,29,NA,NA,0.485698866702644,200067,54022,21,0,0,0
"562",2021-09-16,3.69,NA,NA,NA,12.6329040868467,27,NA,NA,0.48705501618123,263410,74743,21,0,1,0
"563",2021-09-17,4.26,NA,NA,NA,12.4355149604897,31,NA,NA,0.485499462943072,254301,53898,19,0,1,0
"564",2021-09-18,4.34,NA,NA,NA,13.0770296211499,32,NA,NA,0.475780409041981,331939,159831,20,0,2,0
"565",2021-09-19,2.71,NA,NA,NA,13.4224605922746,29,NA,NA,0.481862479696806,187845,117076,22,0,3,0
"566",2021-09-20,3.91,NA,NA,NA,14.5574480688272,27,NA,NA,0.484341252699784,85727,46407,30,0,0,0
"567",2021-09-21,3.63,NA,NA,NA,13.6198497186316,29,NA,NA,0.481541802388708,119019,82709,27,0,4,0
"568",2021-09-22,3.61,NA,NA,NA,12.7809459316144,29,NA,NA,0.48451928299837,105257,77274,27,0,6,0
"569",2021-09-23,4.35,NA,NA,NA,12.7809459316144,35,NA,NA,0.484815618221258,94595,76019,32,0,7,0
"570",2021-09-24,4.36,NA,NA,NA,14.0639752529348,26,NA,NA,0.49159891598916,101777,96410,20,0,6,0
"571",2021-09-25,3.93,NA,NA,NA,12.8796404947929,36,NA,NA,0.492166396542409,159420,253562,24,0,5,0
"572",2021-09-26,4.2,NA,NA,NA,13.3237660290961,26,NA,NA,0.492098092643052,124319,204324,26,0,2,0
"573",2021-09-27,3.87,NA,NA,NA,14.0639752529348,29,NA,NA,0.488549618320611,97998,108885,20,0,0,0
"574",2021-09-28,3.79,NA,NA,NA,14.1626698161133,34,NA,NA,0.495087336244541,110011,129331,17,0,0,0
"575",2021-09-29,3.38,NA,NA,NA,12.8796404947929,31,NA,NA,0.499180775532496,103258,209239,54,0,1,0
"576",2021-09-30,4.31,NA,NA,NA,10.6096655416876,34,NA,NA,0.50639244024458,96099,219698,53,0,0,0
"577",2021-10-01,4.06,NA,NA,NA,13.4224605922746,32,NA,NA,0.515418502202643,90661,199475,37,0,0,0
"578",2021-10-02,4.08,NA,NA,NA,12.7315986500252,38,NA,NA,0.512410369553227,177909,400101,70,0,0,0
"579",2021-10-03,3.39,NA,NA,NA,13.3237660290961,29,NA,NA,0.508539944903581,153093,332969,28,0,3,0
"580",2021-10-04,4.06,NA,NA,NA,14.705489913595,26,NA,NA,0.523970671178793,74081,192841,34,0,0,0
"581",2021-10-05,4.3,NA,NA,NA,11.7446530182403,27,NA,NA,0.52557616638561,74576,222832,28,0,2,0
"582",2021-10-06,4.58,NA,NA,NA,14.2613643792918,21,NA,NA,0.522663682148853,75502,207224,32,0,0,0
"583",2021-10-07,4.13,NA,NA,NA,12.9289877763822,20,NA,NA,0.528716216216216,70614,201848,24,0,1,0
"584",2021-10-08,4.44,NA,NA,NA,13.0770296211499,22,NA,NA,0.527700055959709,58354,153779,52,0,2,0
"585",2021-10-09,3.59,NA,NA,NA,12.6329040868467,29,NA,NA,0.531723750701853,95206,283397,27,0,2,0
"586",2021-10-10,3.43,NA,NA,NA,14.9028790399519,43,NA,NA,0.524130190796857,65273,178294,41,1,1,0
"587",2021-10-11,4.39,NA,NA,NA,12.5835568052574,34,NA,NA,0.529544175576815,63802,117206,32,0,3,0
"588",2021-10-12,4.24,NA,NA,NA,12.6329040868467,37,NA,NA,0.524130190796857,116029,126487,73,0,1,0
"589",2021-10-13,3.8,NA,NA,NA,12.5835568052574,24,NA,NA,0.523197316936836,110273,118977,27,0,0,0
"590",2021-10-14,3.98,NA,NA,NA,13.7185442818101,29,NA,NA,0.519821328866555,107060,119423,43,0,1,0
"591",2021-10-15,4.26,NA,NA,NA,13.5211551554531,21,NA,NA,0.526108927568782,110809,112131,20460,0,0,0
"592",2021-10-16,4.06,NA,NA,NA,13.8665861265778,35,NA,NA,0.528013582342954,177781,146865,25276,0,1,0
"593",2021-10-17,4.35,NA,NA,NA,12.1394312709542,28,NA,NA,0.530878186968839,157170,121489,10931,0,1,0
"594",2021-10-18,4.17,NA,NA,NA,14.4094062240595,33,NA,NA,0.534277620396601,92440,87010,26949,0,0,1
"595",2021-10-19,4.69,NA,NA,NA,11.8433475814188,35,NA,NA,0.535693557748114,76552,104053,25838,0,1,0
"596",2021-10-20,3.64,NA,NA,NA,12.9289877763822,36,NA,NA,0.536273940800929,58247,98443,25562,0,2,0
"597",2021-10-21,4.21,NA,NA,NA,12.6329040868467,24,NA,NA,0.549591598599767,57341,93406,16860,0,0,0
"598",2021-10-22,3.97,NA,NA,NA,12.5835568052574,21,NA,NA,0.541203974284044,48872,90558,15577,0,2,0
"599",2021-10-23,3.84,NA,NA,NA,12.7315986500252,27,NA,NA,0.535031847133758,107011,146629,7346,0,2,0
"600",2021-10-24,3.9,NA,NA,NA,13.1263769027391,30,NA,NA,0.536172695449242,74617,127439,2222,0,0,0
"601",2021-10-25,4.6,NA,NA,NA,13.0770296211499,35,NA,NA,0.532944606413994,40521,76621,7017,0,0,0
"602",2021-10-26,4.35,NA,NA,NA,11.3005274839371,22,NA,NA,0.539458186101296,38025,74590,6316,0,0,0
"603",2021-10-27,3.72,NA,NA,NA,13.3237660290961,27,NA,NA,0.543026706231454,37723,70945,5825,0,0,1
"604",2021-10-28,4.11,NA,NA,NA,11.7940002998295,24,NA,NA,0.533134328358209,44911,72497,11375,0,1,0
"605",2021-10-29,3.68,NA,NA,NA,13.4718078738638,32,NA,NA,0.534842167957117,47800,67467,15249,0,0,0
"606",2021-10-30,4.16,NA,NA,NA,12.090083989365,38,NA,NA,0.53491124260355,209132,87190,14408,1,0,0
"607",2021-10-31,3.8,NA,NA,NA,12.090083989365,31,NA,NA,0.526722090261283,176689,70256,9118,0,0,1
"608",2021-11-01,3.08,NA,NA,NA,15.0015736031304,26,NA,NA,0.521270221689635,75942,24722,4402,1,0,0
"609",2021-11-02,5.28,NA,NA,NA,13.1263769027391,29,NA,NA,0.520983213429257,93150,37023,6786,0,0,0
"610",2021-11-03,3.85,NA,NA,NA,12.9783350579714,31,NA,NA,0.517696460707858,110348,50708,9737,0,0,0
"611",2021-11-04,4.33,NA,NA,NA,13.915933408167,30,NA,NA,0.503335354760461,171903,61450,9926,0,0,0
"612",2021-11-05,3.98,NA,NA,NA,13.915933408167,31,NA,NA,0.504901960784314,231106,60130,9069,0,0,0
"613",2021-11-06,4.2,NA,NA,NA,12.1887785525435,35,NA,NA,0.492307692307692,335954,104299,9297,2,2,0
"614",2021-11-07,3.79,NA,NA,NA,12.8302932132037,25,NA,NA,0.485819975339087,220251,95812,6158,0,1,1
"615",2021-11-08,5.02,NA,NA,NA,12.4355149604897,41,NA,NA,0.488535372230614,125488,74952,7729,0,0,1
"616",2021-11-09,4.29,NA,NA,NA,12.6822513684359,40,NA,NA,0.498393096889103,116047,98118,10967,0,1,1
"617",2021-11-10,4.27,NA,NA,NA,13.3731133106854,24,NA,NA,0.489706804316254,116256,83743,16927,1,0,2
"618",2021-11-11,3.79,NA,NA,NA,11.9420421445973,36,NA,NA,0.484707349820232,99495,80779,19505,0,1,0
"619",2021-11-12,4.03,NA,NA,NA,12.4355149604897,39,NA,NA,0.494942829996318,91545,69816,14705,0,0,1
"620",2021-11-13,4.32,NA,NA,NA,12.090083989365,28,NA,NA,0.494688504891727,121933,119408,11766,0,0,0
"621",2021-11-14,4.2,NA,NA,NA,13.3237660290961,34,NA,NA,0.486989754876816,103851,105885,12154,0,2,0
"622",2021-11-15,5.3,NA,NA,NA,12.7809459316144,36,NA,NA,0.48305161171206,91352,74091,10035,0,1,0
"623",2021-11-16,4.62,NA,NA,NA,10.9550965128124,30,NA,NA,0.486802412662546,112333,73315,11280,0,0,0
"624",2021-11-17,4.69,NA,NA,NA,12.7315986500252,33,NA,NA,0.498040916113766,111675,74001,10562,0,0,0
"625",2021-11-18,4.06,NA,NA,NA,13.6198497186316,36,NA,NA,0.479761138776886,111170,72187,10722,0,1,0
"626",2021-11-19,4.52,NA,NA,NA,11.3992220471156,46,NA,NA,0.488683868589197,114226,68187,12197,0,1,0
"627",2021-11-20,4.91,NA,NA,NA,12.4355149604897,30,NA,NA,0.481172191935763,141110,191009,13345,0,2,0
"628",2021-11-21,3.8,NA,NA,NA,12.6822513684359,35,NA,NA,0.469219068128063,115633,185667,15050,0,0,0
"629",2021-11-22,4.86,NA,NA,NA,13.0276823395606,28,NA,NA,0.469244374017529,87795,101403,18275,0,0,0
"630",2021-11-23,4.87,NA,NA,NA,14.310711660881,43,NA,NA,0.451231915373206,91045,110389,18861,0,1,1
"631",2021-11-24,4.98,NA,NA,NA,12.1394312709542,38,NA,NA,0.464857951104321,81301,108147,21932,0,2,0
"632",2021-11-25,4.67,NA,NA,NA,12.1394312709542,47,NA,NA,0.448468151074868,79365,146327,22268,0,0,0
"633",2021-11-26,4.37,NA,NA,NA,12.4355149604897,33,NA,NA,0.444889492037807,74430,177500,62547,0,1,0
"634",2021-11-27,4.11,NA,NA,NA,12.3861676789005,45,NA,NA,0.424224860349017,89770,266225,108576,0,1,2
"635",2021-11-28,4.1,NA,NA,NA,13.4224605922746,30,NA,NA,0.448922632746499,76080,204227,91730,1,0,0
"636",2021-11-29,5.03,NA,NA,NA,15.1989627294874,38,NA,NA,0.440471055406162,59954,127323,97968,1,5,0
"637",2021-11-30,4.76,NA,NA,NA,12.9783350579714,34,NA,NA,0.443562102205894,54818,115773,106567,0,0,1
"638",2021-12-01,4.49,NA,NA,NA,14.508100787238,43,NA,NA,0.430950363258191,60817,104707,108850,0,0,0
"639",2021-12-02,4.77,NA,NA,NA,13.5211551554531,40,NA,NA,0.455227521726747,68553,108164,117488,1,4,0
"640",2021-12-03,5.08,NA,NA,NA,13.2250714659176,39,NA,NA,0.445499868819757,67606,104543,111358,0,4,0
"641",2021-12-04,4.8,NA,NA,NA,13.4224605922746,35,NA,NA,0.434121173573963,81375,138972,117566,1,2,1
"642",2021-12-05,5.2,NA,NA,NA,13.1757241843284,39,NA,NA,0.42652290801265,65293,112228,77159,0,4,0
"643",2021-12-06,5.11,NA,NA,NA,15.0015736031304,39,NA,NA,0.432359237649463,60019,92204,78509,0,3,1
"644",2021-12-07,4.78,NA,NA,NA,13.9652806897563,44,NA,NA,0.439650153397537,59387,99783,77854,0,2,0
"645",2021-12-08,4.03,NA,NA,NA,13.6198497186316,39,NA,NA,0.434126386812683,46260,75080,50784,2,5,0
"646",2021-12-09,5.03,NA,NA,NA,12.7315986500252,39,NA,NA,0.444586118162268,68445,111974,76070,0,7,0
"647",2021-12-10,5.31,NA,NA,NA,15.0509208847197,40,NA,NA,0.438596936558922,112923,151496,82216,1,11,1
"648",2021-12-11,5.39,NA,NA,NA,13.5705024370423,42,NA,NA,0.441637252089591,139119,189689,80948,1,1,0
"649",2021-12-12,3.86,NA,NA,NA,16.33395020604,34,NA,NA,0.450397884868404,105372,157283,59336,0,13,0
"650",2021-12-13,5.47,NA,NA,NA,14.6067953504165,26,NA,NA,0.45392667508532,114398,131726,63687,1,7,1
"651",2021-12-14,5.86,NA,NA,NA,14.0146279713455,40,NA,NA,0.452630844138447,113554,147058,64346,0,3,0
"652",2021-12-15,5.4,NA,NA,NA,15.1002681663089,39,NA,NA,0.466087398538781,103349,135559,59094,2,3,0
"653",2021-12-16,6.24,NA,NA,NA,13.9652806897563,40,NA,NA,0.434084176924395,76354,111365,52757,1,6,0
"654",2021-12-17,5.69,NA,NA,NA,14.8535317583627,28,NA,NA,0.478093986470445,74876,107965,53345,2,5,0
"655",2021-12-18,5.4,NA,NA,NA,11.0044437944016,31,NA,NA,0.45296582122601,68678,109508,53588,3,5,1
"656",2021-12-19,6.57,NA,NA,NA,12.287473115722,37,NA,NA,0.466676425132732,46602,90469,44876,0,3,1
"657",2021-12-20,6.68,NA,NA,NA,14.310711660881,41,NA,NA,0.471466901028353,54441,85145,127953,1,5,3
"658",2021-12-21,7.57,NA,NA,NA,13.4224605922746,29,NA,NA,0.463542270341481,49353,81647,247317,1,11,1
"659",2021-12-22,8.33,NA,NA,NA,15.2483100110767,37,NA,NA,0.477975633424319,41322,77328,218882,1,4,1
"660",2021-12-23,9.31,NA,NA,NA,13.4718078738638,40,NA,NA,0.469558175334138,33189,64577,148629,0,6,0
"661",2021-12-24,9.62,NA,NA,NA,14.9028790399519,45,NA,NA,0.475577330651046,12192,24100,44312,0,0,1
"662",2021-12-25,8.47,NA,NA,NA,14.4587535056487,37,NA,NA,0.487963025109675,3281,6070,25109,1,1,0
"663",2021-12-26,12.19,NA,NA,NA,14.9028790399519,51,NA,NA,0.484974242588295,16029,42720,128628,0,4,1
"664",2021-12-27,12.61,NA,NA,NA,15.0509208847197,41,NA,NA,0.477662068197079,34506,77897,203187,0,6,0
"665",2021-12-28,12.24,NA,NA,NA,15.9391719533261,46,NA,NA,0.464096283436564,36345,81038,210901,0,6,1
"666",2021-12-29,13.8,NA,NA,NA,14.8535317583627,39,NA,NA,0.4916644853093,34063,70819,179388,2,8,1
"667",2021-12-30,15.99,NA,NA,NA,15.2483100110767,41,NA,NA,0.468319782521668,29589,62114,127249,0,8,0
"668",2021-12-31,15.3,NA,NA,NA,15.9885192349153,48,NA,NA,0.479648922127093,10066,26141,34715,2,4,3
"669",2022-01-01,13.59,NA,NA,NA,18.3078414696098,42,NA,NA,0.480957399755104,7234,5078,14328,0,2,0
"670",2022-01-02,20.9,NA,NA,NA,15.9391719533261,43,NA,NA,0.477287274878342,11057,30621,76162,2,3,1
"671",2022-01-03,22.83,NA,NA,NA,17.6169795273604,47,NA,NA,0.472373087189733,28306,72699,149611,1,1,1
"672",2022-01-04,25.44,NA,NA,NA,16.33395020604,48,NA,NA,0.459273386206983,27842,78531,170033,5,11,2
"673",2022-01-05,25.7,NA,NA,NA,17.4689376825927,52,NA,NA,0.407579240624722,31165,79951,208250,1,13,1
"674",2022-01-06,27.39,NA,NA,NA,16.4326447692185,68,NA,NA,0.485489902242661,30138,76935,216135,2,11,5
"675",2022-01-07,27.69,NA,NA,NA,17.0248121482895,71,NA,NA,0.473424174405876,28975,76181,218208,2,4,1
"676",2022-01-08,30.83,NA,NA,NA,17.3702431194142,93,NA,NA,0.453850098293947,25996,71513,240066,1,5,1
"677",2022-01-09,33.61,NA,NA,NA,16.9754648667002,91,NA,NA,0.523762028962938,16931,46752,140938,0,10,0
"678",2022-01-10,34.99,NA,NA,NA,17.123506711468,106,NA,NA,0.451112409825507,28522,70023,182612,0,10,0
"679",2022-01-11,37.79,NA,NA,NA,18.8506615670915,113,NA,NA,0.428284500884842,24871,62899,175549,0,8,0
"680",2022-01-12,38.61,NA,NA,NA,16.8767703035217,132,NA,NA,0.416026362139581,24441,60081,161364,1,4,2
"681",2022-01-13,39.88,NA,NA,NA,18.4558833143776,137,NA,NA,0.415000724393786,23070,56070,170763,0,8,0
"682",2022-01-14,37.38,NA,NA,NA,18.4558833143776,155,NA,NA,0.400295542465929,21579,49377,161740,1,13,2
"683",2022-01-15,40.41,NA,NA,NA,20.9725946754291,143,NA,NA,0.380700132547712,18009,38561,170465,2,4,1
"684",2022-01-16,39.31,NA,NA,NA,20.7752055490721,158,NA,NA,0.381573891593352,11100,26091,95411,0,3,0
"685",2022-01-17,42.73,NA,NA,NA,22.3049712783387,173,NA,NA,0.358757913356678,20116,42867,122762,3,5,0
"686",2022-01-18,43.16,NA,NA,NA,23.0451805021773,171,NA,NA,0.376235589107746,16371,38382,115373,1,4,0
"687",2022-01-19,43.62,NA,NA,NA,22.2062767151602,166,NA,NA,0.33422555384379,16864,37482,111187,1,7,1
"688",2022-01-20,41.64,NA,NA,NA,23.0945277837666,199,NA,NA,0.355654823108237,15610,34779,97375,0,5,0
"689",2022-01-21,41.1,NA,NA,NA,20.6271637043043,215,NA,NA,0.340514374292495,14219,31747,95784,3,3,0
"690",2022-01-22,40.98,NA,NA,NA,22.1075821519817,199,NA,NA,0.31036379124729,13294,29344,108494,0,2,1
"691",2022-01-23,39.54,NA,NA,NA,23.0945277837666,204,NA,NA,0.335856773348269,10178,22856,83060,0,7,0
"692",2022-01-24,40.21,NA,NA,NA,23.588000599659,215,NA,NA,0.295290654883356,53854,31132,88883,2,6,0
"693",2022-01-25,38.32,NA,NA,NA,24.4269043866762,210,NA,NA,0.307543002211851,56839,29467,89553,0,6,2
"694",2022-01-26,37.12,NA,NA,NA,26.79557390296,196,NA,NA,0.280128736389486,74171,29754,84054,1,4,0
"695",2022-01-27,35.23,NA,NA,NA,23.0945277837666,221,NA,NA,0.276797040323224,87597,28670,83727,0,5,1
"696",2022-01-28,33.38,NA,NA,NA,24.6736407946224,208,NA,NA,0.251214968694313,96590,27047,82170,2,3,0
"697",2022-01-29,28.55,NA,NA,NA,24.2788625419085,193,NA,NA,0.263894073093479,150068,24957,100178,0,7,1
"698",2022-01-30,26.65,NA,NA,NA,25.1671136105149,169,NA,NA,0.260459885332167,113150,17624,80177,0,3,0
"699",2022-01-31,30.4,NA,NA,NA,26.400795650246,182,NA,NA,0.260456500099705,118379,26794,94397,3,1,0
"700",2022-02-01,28.46,NA,NA,NA,25.1177663289256,203,NA,NA,0.278633621924422,110662,25801,100180,3,5,1
"701",2022-02-02,28.09,NA,NA,NA,25.5125445816396,195,NA,NA,0.280676038764709,95011,25951,97944,0,4,1
"702",2022-02-03,25.77,NA,NA,NA,24.3282098234977,169,NA,NA,0.241848100815624,106154,25736,97874,3,5,0
"703",2022-02-04,22.29,NA,NA,NA,23.0451805021773,161,NA,NA,0.301839482963218,111944,25482,99808,1,7,0
"704",2022-02-05,20.28,NA,NA,NA,20.5284691411259,156,NA,NA,0.266627209373432,110421,24295,117419,1,11,2
"705",2022-02-06,20.2,NA,NA,NA,22.8477913758204,137,NA,NA,0.280778992038565,63871,15736,76311,3,8,0
"706",2022-02-07,19.36,NA,NA,NA,22.8971386574096,134,NA,NA,0.304416522734167,92436,25671,98543,2,5,0
"707",2022-02-08,17.68,NA,NA,NA,21.4167202097323,139,NA,NA,0.290720173807183,88740,24589,103046,1,6,0
"708",2022-02-09,16.92,NA,NA,NA,22.4530131231064,116,NA,NA,0.263459989543329,85095,23457,103983,1,2,0
"709",2022-02-10,15.33,NA,NA,NA,21.0712892386075,106,NA,NA,0.300081086451993,78056,23595,101069,1,6,0
"710",2022-02-11,13.12,NA,NA,NA,21.8114984624462,108,NA,NA,0.335146709034795,90238,23978,102123,2,4,0
"711",2022-02-12,11.19,NA,NA,NA,20.3310800147689,118,NA,NA,0.321784990288545,74386,20451,104525,1,8,1
"712",2022-02-13,10.26,NA,NA,NA,19.146745256627,113,NA,NA,0.311185107616848,43784,12976,66024,1,10,0
"713",2022-02-14,11.31,NA,NA,NA,18.9987034118593,94,NA,NA,0.354768834633282,50606,35192,68371,0,3,0
"714",2022-02-15,10.23,NA,NA,NA,19.541523509341,85,NA,NA,0.329253794076198,55902,41523,89150,2,2,0
"715",2022-02-16,10.53,NA,NA,NA,17.7156740905389,89,NA,NA,0.347352360776992,60404,49363,92116,1,6,0
"716",2022-02-17,10.62,NA,NA,NA,17.3208958378249,82,NA,NA,0.437643069981304,55371,57435,91733,2,4,0
"717",2022-02-18,9.17,NA,NA,NA,18.4065360327883,85,NA,NA,0.373275842687863,54642,70118,94634,2,3,2
"718",2022-02-19,7.51,NA,NA,NA,17.8143686537174,82,NA,NA,0.363242005960028,55062,89496,102781,2,4,0
"719",2022-02-20,7.38,NA,NA,NA,17.123506711468,90,NA,NA,0.38098510301603,40843,64127,75547,3,9,1
"720",2022-02-21,7.46,NA,NA,NA,16.4326447692185,80,NA,NA,0.391104622839472,51855,84356,90180,4,5,0
"721",2022-02-22,6.91,NA,NA,NA,16.1859083612723,95,NA,NA,0.405899868525268,51389,92759,93138,5,2,2
"722",2022-02-23,6.67,NA,NA,NA,16.0872137980938,76,NA,NA,0.400076692439014,46451,78788,93365,0,4,1
"723",2022-02-24,5.32,NA,NA,NA,14.9522263215412,61,NA,NA,0.41438417845208,45031,84039,83050,2,5,0
"724",2022-02-25,5.45,NA,NA,NA,15.0015736031304,82,NA,NA,0.419083251143953,45401,94578,80776,3,3,0
"725",2022-02-26,5.33,NA,NA,NA,14.2613643792918,71,NA,NA,0.436974794449774,40984,83334,83296,5,5,1
"726",2022-02-27,4.15,NA,NA,NA,16.4819920508078,74,NA,NA,0.435175260570538,29591,54675,58479,2,1,1
"727",2022-02-28,5.37,NA,NA,NA,17.0741594298787,51,NA,NA,0.466978733233406,46067,81490,80997,2,6,1
"728",2022-03-01,4.21,NA,NA,NA,14.9522263215412,66,NA,NA,0.423611719876005,40424,63214,71204,6,6,0
"729",2022-03-02,5.09,NA,NA,NA,15.1989627294874,56,NA,NA,0.484853579720872,42115,65690,72086,3,6,1
"730",2022-03-03,4.08,NA,NA,NA,15.0015736031304,59,NA,NA,0.495941304937486,41312,67095,69234,2,7,0
"731",2022-03-04,3.6,NA,NA,NA,14.9522263215412,47,NA,NA,0.512890022939118,42935,77375,68801,1,6,1
"732",2022-03-05,3.19,NA,NA,NA,15.1989627294874,58,NA,NA,0.542435080116183,47721,79248,77257,2,6,0
"733",2022-03-06,3.98,NA,NA,NA,13.6691970002208,45,NA,NA,0.52661031807353,29200,43585,51474,0,5,0
"734",2022-03-07,3.38,NA,NA,NA,12.7809459316144,41,NA,NA,0.54080839930937,37564,55994,64934,3,8,1
"735",2022-03-08,3.18,NA,NA,NA,17.6169795273604,51,NA,NA,0.529740156765664,32961,52560,55605,1,4,1
"736",2022-03-09,3.03,NA,NA,NA,14.3600589424702,39,NA,NA,0.561953886261384,35910,55131,61074,3,6,1
"737",2022-03-10,2.52,NA,NA,NA,14.6561426320057,57,NA,NA,0.510716854024497,39404,53810,62971,4,7,0
"738",2022-03-11,2.72,NA,NA,NA,14.508100787238,49,NA,NA,0.574910824484513,47636,57615,59414,0,4,0
"739",2022-03-12,2.82,NA,NA,NA,13.2250714659176,43,NA,NA,0.571815956891524,49062,65402,77954,1,6,1
"740",2022-03-13,2.32,NA,NA,NA,13.2250714659176,38,NA,NA,0.570009310458685,28428,43509,59038,2,7,0
"741",2022-03-14,2.48,NA,NA,NA,14.3600589424702,37,NA,NA,0.567470100877321,30032,39403,59054,4,3,1
"742",2022-03-15,2.14,NA,NA,NA,14.2613643792918,35,NA,NA,0.590373103582669,25520,39271,63714,2,5,0
"743",2022-03-16,2.19,NA,NA,NA,14.5574480688272,39,NA,NA,0.576972604507578,23448,38162,64181,3,3,0
"744",2022-03-17,2.4,NA,NA,NA,14.7548371951842,39,NA,NA,0.531126709629819,21978,36920,63208,4,4,0
"745",2022-03-18,2.2,NA,NA,NA,13.5705024370423,31,NA,NA,0.579516584057826,29673,43264,63977,7,10,0
"746",2022-03-19,2.51,NA,NA,NA,13.5211551554531,27,NA,NA,0.563708795395359,29554,55849,75142,9,6,0
"747",2022-03-20,1.09,NA,NA,NA,12.6329040868467,35,NA,NA,0.587672300946339,20304,36440,58957,3,6,1
"748",2022-03-21,2.13,NA,NA,NA,11.5966111734725,23,NA,NA,0.570119253905124,18914,32218,58014,10,5,2
"749",2022-03-22,2.54,NA,NA,NA,12.3861676789005,31,NA,NA,0.588348776006199,18907,33620,68239,2,8,0
"750",2022-03-23,2.68,NA,NA,NA,13.4224605922746,22,NA,NA,0.60073374774227,18511,33479,67215,2,7,0
"751",2022-03-24,1.98,NA,NA,NA,12.3861676789005,29,NA,NA,0.592343058332013,17669,32541,83109,2,5,1
"752",2022-03-25,2.36,NA,NA,NA,12.090083989365,27,NA,NA,0.628878008639003,20855,38346,93859,8,8,1
"753",2022-03-26,1.7,NA,NA,NA,11.7446530182403,30,NA,NA,0.607503971759713,27375,60279,137949,7,16,3
"754",2022-03-27,2.15,NA,NA,NA,12.2381258341327,27,NA,NA,0.61155829691203,20041,39964,124890,5,15,0
"755",2022-03-28,1.66,NA,NA,NA,12.5342095236682,20,NA,NA,0.639230839685935,14894,28814,111074,5,14,0
"756",2022-03-29,2.12,NA,NA,NA,12.1394312709542,26,NA,NA,0.677521757192724,15367,27890,112928,4,11,0
"757",2022-03-30,1.79,NA,NA,NA,11.9420421445973,24,NA,NA,0.649165500569817,13997,27138,119653,7,17,0
"758",2022-03-31,1.95,NA,NA,NA,13.915933408167,26,NA,NA,0.655555642866656,12462,27242,129971,40,9,1
"759",2022-04-01,1.85,NA,NA,NA,10.9550965128124,17,NA,NA,0.637211408313888,14094,30527,146774,72,10,3
"760",2022-04-02,1.8,NA,NA,NA,11.2511802023478,17,NA,NA,0.641007604913698,19242,47530,174695,1425,36,2
"761",2022-04-03,3.15,NA,NA,NA,11.9913894261865,13,NA,NA,0.658358534400664,16161,34728,160056,1461,82,2
"762",2022-04-04,2.05,NA,NA,NA,13.3731133106854,22,NA,NA,0.635823672111998,9477,20104,107241,2071,21,0
"763",2022-04-05,1.81,NA,NA,NA,13.6198497186316,22,NA,NA,0.655526265640112,8345,16474,64625,712,2,0
"764",2022-04-06,2.02,NA,NA,NA,13.4224605922746,28,NA,NA,0.652749278409849,12810,26523,129460,3141,4,0
"765",2022-04-07,1.46,NA,NA,NA,11.1524856391693,16,NA,NA,0.655118483409299,13158,26712,120335,4811,7,0
"766",2022-04-08,1.63,NA,NA,NA,13.6198497186316,16,NA,NA,0.665791112442811,15585,31321,118554,4970,8,0
"767",2022-04-09,1.13,NA,NA,NA,12.4848622420789,24,NA,NA,0.679525929482492,17215,41117,129609,5774,7,0
"768",2022-04-10,1.52,NA,NA,NA,13.6198497186316,19,NA,NA,0.67291126330484,12832,29254,110266,2915,14,1
"769",2022-04-11,1.84,NA,NA,NA,11.9420421445973,17,NA,NA,0.676317763083133,11733,24125,108878,10271,15,1
"770",2022-04-12,1.5,NA,NA,NA,13.3237660290961,15,NA,NA,0.657565950589128,12699,25005,110748,10439,10,1
"771",2022-04-13,1.73,NA,NA,NA,9.91880359943822,13,NA,NA,0.693979819813243,14496,27066,111864,13631,5,1
"772",2022-04-14,1.09,NA,NA,NA,13.3731133106854,9,NA,NA,0.675266022525798,8024,16608,62392,2681,4,0
"773",2022-04-15,1.19,NA,NA,NA,12.5342095236682,15,NA,NA,0.683928915269474,4813,10598,39747,1749,4,0
"774",2022-04-16,1.3,NA,NA,NA,12.7809459316144,17,NA,NA,0.65260033010876,10308,26134,96963,5234,4,1
"775",2022-04-17,2.15,NA,NA,NA,11.3498747655263,18,NA,NA,0.698618090338112,8315,18910,66805,2582,10,0
"776",2022-04-18,2.56,NA,NA,NA,12.1887785525435,12,NA,NA,0.698618090338112,10121,22427,94646,12758,2,0
"777",2022-04-19,NA,NA,NA,NA,11.3005274839371,4,NA,NA,0.703452244567809,11092,23493,92299,12823,5,1
"778",2022-04-20,NA,NA,NA,NA,12.6329040868467,15,NA,NA,0.705573324554057,11960,23933,90546,13747,6,0
"779",2022-04-21,NA,NA,NA,NA,14.5574480688272,16,NA,NA,0.703654885801223,12220,24915,90744,13722,5,2
"780",2022-04-22,NA,NA,NA,NA,12.1887785525435,13,NA,NA,0.710054059036071,16269,31002,95954,13845,6,1
"781",2022-04-23,NA,NA,NA,NA,12.1887785525435,15,NA,NA,0.715671686650897,17490,37518,111301,8675,5,1
"782",2022-04-24,NA,NA,NA,NA,11.9913894261865,19,NA,NA,0.722258433249632,13956,29628,92483,5044,18,1
"783",2022-04-25,NA,NA,NA,NA,11.2511802023478,14,NA,NA,0.721226797962831,13420,24627,93923,8166,7,3
"784",2022-04-26,NA,NA,NA,NA,11.2511802023478,17,NA,NA,0.716571860696838,15021,26138,94547,9948,2,1
"785",2022-04-27,NA,NA,NA,NA,12.3861676789005,9,NA,NA,0.723186379223276,15161,26692,90597,11434,14,0
"786",2022-04-28,NA,NA,NA,NA,11.892694863008,13,NA,NA,0.718174159655488,14748,25914,86893,11540,9,2
"787",2022-04-29,NA,NA,NA,NA,13.0276823395606,10,NA,NA,0.729455479454442,16433,29164,86872,12889,9,1
"788",2022-04-30,NA,NA,NA,NA,11.2018329207586,20,NA,NA,0.731448190775195,13679,28283,97643,13331,11,2
"789",2022-05-01,NA,NA,NA,NA,11.3005274839371,10,NA,NA,0.733926067199258,2250,4826,26188,4060,1,0
"790",2022-05-02,NA,NA,NA,NA,11.3498747655263,13,NA,NA,0.733195795055968,4608,9004,53549,10100,4,1
"791",2022-05-03,NA,NA,NA,NA,13.8665861265778,13,NA,NA,0.72457247905942,5321,9950,65461,11988,2,0
"792",2022-05-04,NA,NA,NA,NA,11.4485693287048,20,NA,NA,0.727063352016252,5577,10665,64139,12050,3,0
"793",2022-05-05,NA,NA,NA,NA,11.8433475814188,19,NA,NA,0.727678540849295,5233,10134,62089,12471,4,1
"794",2022-05-06,NA,NA,NA,NA,11.0537910759908,15,NA,NA,0.726405447174577,5129,9316,53936,16863,2,0
"795",2022-05-07,NA,NA,NA,NA,10.7083601048661,8,NA,NA,0.72548136182857,4189,9105,49177,17061,2,0
"796",2022-05-08,NA,NA,NA,NA,12.3861676789005,12,NA,NA,0.724444750855177,890,1813,10180,3243,1,0
"797",2022-05-09,NA,NA,NA,NA,14.8041844767735,11,NA,NA,0.727695301325754,4574,8666,51666,23790,3,1
"798",2022-05-10,NA,NA,NA,NA,12.1887785525435,11,NA,NA,0.702014264850563,5057,9856,55438,30036,5,2
"799",2022-05-11,NA,NA,NA,NA,12.1394312709542,9,NA,NA,0.721778732273462,5137,10064,53951,27805,3,1
"800",2022-05-12,NA,NA,NA,NA,14.113322534524,9,NA,NA,0.718674568547066,5438,10995,52908,25021,5,0
"801",2022-05-13,NA,NA,NA,NA,12.1394312709542,14,NA,NA,0.719775191667504,5934,12347,53538,24042,8,0
"802",2022-05-14,NA,NA,NA,NA,14.2120170977025,13,NA,NA,0.723624443085615,5989,13766,56264,26151,4,1
"803",2022-05-15,NA,NA,NA,NA,11.5472638918833,12,NA,NA,0.724002249601329,3482,8499,37893,16215,0,0
"804",2022-05-16,NA,NA,NA,NA,12.3368203973112,11,NA,NA,0.724763642332225,4625,10313,49411,22183,7,0
"805",2022-05-17,NA,NA,NA,NA,11.2511802023478,14,NA,NA,0.724030297366392,4992,11115,49290,24260,7,6
"806",2022-05-18,NA,NA,NA,NA,11.2511802023478,16,NA,NA,0.720324975215991,4830,10949,47025,25120,4,2
"807",2022-05-19,NA,NA,NA,NA,12.4848622420789,11,NA,NA,0.723896659464854,4894,10522,43216,22529,3,0
"808",2022-05-20,NA,NA,NA,NA,12.0407367077757,9,NA,NA,0.69614713908395,4943,10635,41847,21436,3,1
"809",2022-05-21,NA,NA,NA,NA,13.1757241843284,9,NA,NA,0.72141194968597,4181,9796,37972,25189,4,0
"810",2022-05-22,NA,NA,NA,NA,12.8796404947929,10,NA,NA,0.720393675859092,1747,3959,18058,13142,3,0
"811",2022-05-23,NA,NA,NA,NA,13.1263769027391,14,NA,NA,0.71747015906708,0,0,0,0,0,0
"812",2022-05-24,NA,NA,NA,NA,13.2250714659176,8,NA,NA,0.717711476624146,0,0,0,0,0,0
"813",2022-05-25,NA,NA,NA,NA,12.2381258341327,20,NA,NA,0.71989828495159,NA,NA,NA,NA,NA,NA
"814",2022-05-26,NA,NA,NA,NA,12.9783350579714,12,NA,NA,0.713391821835715,NA,NA,NA,NA,NA,NA
"815",2022-05-27,NA,NA,NA,NA,12.3368203973112,10,NA,NA,0.714329807523736,NA,NA,NA,NA,NA,NA
"816",2022-05-28,NA,NA,NA,NA,13.915933408167,16,NA,NA,0.712662612932675,NA,NA,NA,NA,NA,NA
"817",2022-05-29,NA,NA,NA,NA,11.2511802023478,NA,NA,NA,0.713687051924845,NA,NA,NA,NA,NA,NA
"818",2022-05-30,NA,NA,NA,NA,12.4848622420789,NA,NA,NA,0.714322323911288,NA,NA,NA,NA,NA,NA
"819",2022-05-31,NA,NA,NA,NA,13.2250714659176,NA,NA,NA,0.712700024341063,NA,NA,NA,NA,NA,NA
"820",2022-06-01,NA,NA,NA,NA,12.2381258341327,NA,NA,NA,0.71071490425147,NA,NA,NA,NA,NA,NA
"821",2022-06-02,NA,NA,NA,NA,13.3237660290961,NA,NA,NA,0.713490110533754,NA,NA,NA,NA,NA,NA
"822",2022-06-03,NA,NA,NA,NA,10.8564019496339,NA,NA,NA,0.713532299659382,NA,NA,NA,NA,NA,NA
"823",2022-06-04,NA,NA,NA,NA,9.22794165718879,NA,NA,NA,0.714686662881824,NA,NA,NA,NA,NA,NA
