fecha;Positividad Molecular;Muestras Moleculares y Antigénicas;Positividad Serológica;Muestras Serológica;Exceso de muertos SINADEF;Fallecidos MINSA;Fallecidos DIRESA+DIRIS;Infectados DIRESA+DIRIS;Porcentaje de camas UCI disponibles;Números de camas totales;Vacunados 1ra;Vacunados 2da;Vacunados 3ra;Vacunados 4to;Vacunados 5to
6/06/2020;42.70022654;4369;19.82;14584;46.18905557;568;NA;NA;14.21647819;1238;0;0;0;0;0
7/06/2020;28.81393391;4750;24.89;7279;40.41542362;638;616;4929;13.40872375;1238;0;0;0;0;0
8/06/2020;29.6613549;3431;14.91;20275;45.59688819;607;616;4929;13.77101681;1249;0;0;0;0;0
9/06/2020;31.73213188;4033;15.84;24032;42.3399676;641;616;4929;14.11290323;1240;0;0;0;0;0
10/06/2020;27.51238306;3612;21.51;23110;42.78409314;615;NA;NA;13.76;1250;0;0;0;0;0
11/06/2020;28.04257937;3779;16.81;29160;41.40236925;610;101;3685;12.60032103;1246;0;0;0;0;0
12/06/2020;28.59334109;4294;16.81;18766;44.56059528;530;101;3686;13.85448916;1292;0;0;0;0;0
13/06/2020;30.91149615;3635;18.58;18727;44.60994256;614;NA;NA;14.00928793;1292;0;0;0;0;0
14/06/2020;24.00318672;3523;19.89;12116;42.98148226;591;NA;NA;13.10077519;1290;0;0;0;0;0
15/06/2020;30.64274213;4222;18.04;15905;44.41255343;549;173;5282;14.27469136;1296;0;0;0;0;0
16/06/2020;32.60050931;3435;14.73;17871;43.67234421;538;172;5281;15.06116208;1308;0;0;0;0;0
17/06/2020;30.10278284;4171;12.58;17685;44.06712246;553;173;5282;12.94298921;1298;0;0;0;0;0
18/06/2020;22.85377281;3670;15.13;17829;39.47782527;528;173;5282;13.91437309;1308;0;0;0;0;0
19/06/2020;30.13417323;1904;14.64;19393;44.41255343;526;172;5281;12.68143621;1309;0;0;0;0;0
20/06/2020;31.75193294;3936;13.26;17710;40.36607634;531;173;5282;13.73292868;1318;0;0;0;0;0
21/06/2020;27.06813841;2282;16.55;11439;39.87260352;539;173;5282;12.5382263;1308;0;0;0;0;0
22/06/2020;27.22323646;4025;12.74;17791;39.18174158;539;172;5281;12.24489796;1323;0;0;0;0;0
23/06/2020;30.09415988;5153;13.9;16754;39.32978343;502;173;5282;12.13262999;1327;0;0;0;0;0
24/06/2020;29.97438366;5337;13.92;16615;39.32978343;561;172;5281;12.93759513;1314;0;0;0;0;0
25/06/2020;28.88440008;5158;14.42;15758;38.88565789;532;173;5282;11.94590533;1331;0;0;0;0;0
26/06/2020;24.17508736;4921;15.52;15693;37.40523944;544;173;5282;11.84012066;1326;0;0;0;0;0
27/06/2020;33.82650179;2506;14.78;17471;39.87260352;573;172;5281;11.76029963;1335;0;0;0;0;0
28/06/2020;32.71439199;2096;16.01;14116;39.6752144;534;173;5282;11.18618619;1332;0;0;0;0;0
29/06/2020;31.90885475;2863;12.72;15199;38.5895742;590;173;5282;11.30239521;1336;0;0;0;0;0
30/06/2020;33.42643408;2464;13.93;17519;39.52717255;564;NA;NA;10.48744461;1354;0;0;0;0;0
1/07/2020;34.60938688;3261;13.6;17631;38.04675411;544;NA;NA;10.55718475;1364;0;0;0;0;0
2/07/2020;31.62958525;3037;14.91;17671;38.93500517;577;NA;NA;10.56910569;1353;0;0;0;0;0
3/07/2020;32.16746885;2567;14.45;18374;39.57651983;526;NA;NA;10.13215859;1362;0;0;0;0;0
4/07/2020;30.67037943;3188;14.99;17748;38.19479595;586;NA;NA;10.56851312;1372;0;0;0;0;0
5/07/2020;32.77019737;3343;13.03;14501;43.47495508;590;NA;NA;9.912536443;1372;0;0;0;0;0
6/07/2020;32.27153644;3813;13.93;16825;40.41542362;596;NA;NA;9.836065574;1403;0;0;0;0;0
7/07/2020;34.53261018;4673;12.38;16315;42.0932312;601;NA;NA;10.15625;1408;0;0;0;0;0
8/07/2020;30.8502156;3153;14.4;17809;40.85954916;597;NA;NA;8.885754584;1418;0;0;0;0;0
9/07/2020;26.10365338;4113;13.33;15935;39.18174158;620;NA;NA;8.716875872;1434;0;0;0;0;0
10/07/2020;27.87094511;3078;12.37;17838;40.56346547;580;NA;NA;8.680555556;1440;0;0;0;0;0
11/07/2020;35.42916539;3270;13.87;17719;43.4256078;608;NA;NA;8.292682927;1435;0;0;0;0;0
12/07/2020;38.10831392;3261;16.82;15187;44.26451159;608;NA;NA;8.111888112;1430;0;0;0;0;0
13/07/2020;28.93323041;4274;15.7;15968;43.22821867;593;NA;NA;8.113730929;1442;0;0;0;0;0
14/07/2020;29.63547895;6555;14.22;13456;43.17887139;636;NA;NA;8.884297521;1452;0;0;0;0;0
15/07/2020;32.67397382;5422;14.31;14609;44.41255343;602;NA;NA;10.02073255;1447;0;0;0;0;0
16/07/2020;33.33453532;6100;13.76;13933;42.63605129;619;NA;NA;10;1460;0;0;0;0;0
17/07/2020;29.83486933;5815;17.96;12407;43.22821867;630;NA;NA;10.57298772;1466;0;0;0;0;0
18/07/2020;31.42351959;4849;15.87;16173;44.70863712;588;NA;NA;11.31687243;1458;0;0;0;0;0
19/07/2020;28.05135018;3243;17.84;17828;42.98148226;621;NA;NA;11.23978202;1468;0;0;0;0;0
20/07/2020;29.08388737;4758;15.01;20133;44.41255343;628;NA;NA;9.993293092;1491;0;0;0;0;0
21/07/2020;28.70374237;4587;15.74;19986;42.43866217;665;NA;NA;10.52980132;1510;0;0;0;0;0
22/07/2020;28.31478549;5430;15.37;19565;46.18905557;619;NA;NA;8.95819509;1507;0;0;0;0;0
23/07/2020;29.56395791;4893;17;20100;45.39949906;594;NA;NA;9.037328094;1527;0;0;0;0;0
24/07/2020;27.98551873;6245;13.51;16097;42.14257848;608;NA;NA;8.783344177;1537;0;0;0;0;0
25/07/2020;27.4542226;4752;18.61;19390;43.57364964;638;NA;NA;9.009584665;1565;0;0;0;0;0
26/07/2020;31.35194658;3893;22.95;16116;43.17887139;676;NA;NA;8.460559796;1572;0;0;0;0;0
27/07/2020;26.41446122;4769;25.67;15692;45.15276265;578;NA;NA;9.305289994;1569;0;0;0;0;0
28/07/2020;21.81425789;3799;25.39;19096;45.25145722;665;NA;NA;9.223918575;1572;0;0;0;0;0
29/07/2020;29.09248256;3870;27.36;20772;43.12952411;662;NA;NA;9.43275972;1569;0;0;0;0;0
30/07/2020;23.70599966;5926;24.11;24216;44.11646974;604;NA;NA;10.05089059;1572;0;0;0;0;0
31/07/2020;23.76593883;5852;25.56;23700;44.01777518;635;318;11758;9.230769231;1560;0;0;0;0;0
1/08/2020;26.42547896;5845;25.29;20253;46.53448654;670;NA;NA;9.673286355;1561;0;0;0;0;0
2/08/2020;28.06235358;3670;31.75;10141;42.83344042;661;NA;NA;9.38697318;1566;0;0;0;0;0
3/08/2020;30.27274904;4175;30.44;18152;47.47208489;591;NA;NA;9.853782581;1573;0;0;0;0;0
4/08/2020;28.18528201;5974;29.39;20587;46.92926479;637;NA;NA;9.847522236;1574;0;0;0;0;0
5/08/2020;30.03385056;4884;28.98;21800;43.62299692;591;NA;NA;9.345200254;1573;0;0;0;0;0
6/08/2020;25.42632196;6913;29.61;22651;45.3008045;625;NA;NA;9.838107098;1606;0;0;0;0;0
7/08/2020;22.12480882;4262;29.24;21184;46.04101372;660;NA;NA;8.555486671;1613;0;0;0;0;0
8/08/2020;20.07671949;6120;30.23;19132;45.20210994;656;NA;NA;8.024691358;1620;0;0;0;0;0
9/08/2020;25.44491712;5006;33.7;11381;45.15276265;588;NA;NA;8.271604938;1620;0;0;0;0;0
10/08/2020;23.68364709;3728;30.14;18793;44.16581702;550;NA;NA;8.215818516;1631;0;0;0;0;0
11/08/2020;23.69705004;8033;30.53;22832;40.4647709;615;NA;NA;8.139534884;1634;0;0;0;0;0
12/08/2020;25.33728199;9322;29.22;24228;44.70863712;575;NA;NA;7.548309179;1656;0;0;0;0;0
13/08/2020;26.94651674;7736;30.51;20372;46.090361;519;NA;NA;8.033573141;1668;0;0;0;0;0
14/08/2020;24.98705619;8488;30;24619;45.59688819;513;NA;NA;7.117008444;1658;0;0;0;0;0
15/08/2020;24.93760469;10411;30.47;24772;40.16868721;523;NA;NA;7.771084337;1660;0;0;0;0;0
16/08/2020;23.48641265;6547;29.36;13655;39.62586712;521;NA;NA;8.111380145;1652;0;0;0;0;0
17/08/2020;23.23717172;8216;34.59;17113;43.03082955;528;NA;NA;7.552870091;1655;0;0;0;0;0
18/08/2020;24.30731233;9044;28.72;24024;39.92195081;517;NA;NA;8.287961283;1653;0;0;0;0;0
19/08/2020;26.21690071;8459;27.45;23392;36.12221012;531;NA;NA;8.65904991;1663;0;0;0;0;0
20/08/2020;23.67720028;8457;30.39;23053;35.87547372;446;NA;NA;8.124253286;1674;0;0;0;0;0
21/08/2020;21.2274363;8280;27.51;26937;38.63892148;495;NA;NA;10.31604055;1677;0;0;0;0;0
22/08/2020;21.15692754;6886;26.97;28307;35.3820009;482;NA;NA;8.954326923;1664;0;0;0;0;0
23/08/2020;18.8964;5249;32.08;15962;39.62586712;432;NA;NA;8.846383742;1673;0;0;0;0;0
24/08/2020;25.9749337;5127;27.21;20624;38.34283779;394;NA;NA;8.872901679;1668;0;0;0;0;0
25/08/2020;20.8641557;3570;26.88;19536;36.7143775;429;NA;NA;10.05353956;1681;0;0;0;0;0
26/08/2020;21.59722258;7776;26.86;25833;34.44440255;381;NA;NA;9.365737996;1687;0;0;0;0;0
27/08/2020;17.32765811;7399;24.55;27218;35.43134818;405;NA;NA;10.39574719;1693;0;0;0;0;0
28/08/2020;20.94752306;8457;31.9;24146;33.65484604;362;NA;NA;10.40564374;1701;0;0;0;0;0
29/08/2020;16.49784932;7671;23.51;27500;31.13813468;366;NA;NA;10.57294743;1693;0;0;0;0;0
30/08/2020;17.47691166;5659;21.17;18333;30.99009284;360;NA;NA;10.26706231;1685;0;0;0;0;0
31/08/2020;20.12622751;5335;33.89;11857;29.70706352;353;NA;NA;11.91740413;1695;0;0;0;0;0
1/09/2020;16.50688549;5300;29.56;18377;29.06554886;333;NA;NA;12.48541424;1714;0;0;0;0;0
2/09/2020;17.52765234;7466;24.16;22349;31.0887874;325;NA;NA;11.8782914;1709;0;0;0;0;0
3/09/2020;13.25828881;7748;22.05;25738;27.14100487;325;NA;NA;12.35362998;1708;0;0;0;0;0
4/09/2020;15.98806346;8256;21.99;25167;28.91750701;308;NA;NA;11.9244392;1694;0;0;0;0;0
5/09/2020;14.92771223;6525;27.02;19620;27.38774128;298;NA;NA;12.8413713;1721;0;0;0;0;0
6/09/2020;16.94221763;2177;25.25;4868;25.36450274;294;NA;NA;13.2361516;1715;0;0;0;0;0
7/09/2020;20.38662585;6042;31.53;10730;27.19035216;281;NA;NA;13.25231481;1728;0;0;0;0;0
8/09/2020;13.75802865;6979;30.36;18534;25.41385002;289;NA;NA;13.63370392;1709;0;0;0;0;0
9/09/2020;15.59795034;7610;29.51;20685;25.36450274;290;NA;NA;14.66978375;1711;13;0;0;0;0
10/09/2020;13.49809403;7082;30.35;18607;25.01907177;260;0;4928;14.88991889;1726;2;0;0;0;0
11/09/2020;13.85816156;7538;26.15;19565;25.56189186;257;0;4929;15.43352601;1730;4;0;0;0;0
12/09/2020;13.46806965;6977;32.55;17963;24.37755711;250;0;4929;16.1551824;1727;4;0;0;0;0
13/09/2020;11.79801447;5942;29.92;11831;23.48930604;292;1;4929;16.09195402;1740;0;0;0;0;0
14/09/2020;12.4777342;5507;35.77;9710;24.18016798;247;0;4929;15.88405797;1725;4;0;0;0;0
15/09/2020;19.14522682;4011;27.67;20283;23.88408429;238;0;4929;16.55172414;1740;3;0;0;0;0
16/09/2020;9.858495805;6554;31.65;15963;23.29191691;240;1;4928;16.77270098;1729;5;0;0;0;0
17/09/2020;14.0881355;7556;28.27;18569;22.94648594;223;0;4929;16.04866744;1726;8;0;0;0;0
18/09/2020;20.33571338;4744;24.54;22361;20.42977458;215;0;4929;17.5275682;1723;9;0;0;0;0
19/09/2020;19.30570412;4494;24.18;21351;21.95954031;224;1;4929;17.39130435;1725;9;0;0;0;0
20/09/2020;16.22504125;3272;22.68;13609;20.97259468;236;0;4929;18.67816092;1740;0;0;0;0;0
21/09/2020;11.24777712;5060;38;9118;21.81149846;169;0;4929;18.69212963;1728;7;0;0;0;0
22/09/2020;13.89822772;7842;26.81;18869;19.19609254;208;1;4929;19.09783245;1707;6;0;0;0;0
23/09/2020;9.899092991;10914;31.91;16151;19.49217623;179;0;4928;19.46386946;1716;10;0;0;0;0
24/09/2020;8.469206334;10671;31.62;15021;18.60392516;162;0;4929;20.27972028;1716;7;0;0;0;0
25/09/2020;7.619254622;10222;36.04;13262;20.23238545;187;1;4929;20.50380785;1707;10;0;0;0;0
26/09/2020;6.439356515;10007;36.74;12291;20.67651099;162;616;4929;20.02335085;1713;12;0;0;0;0
27/09/2020;5.099423599;8847;46.33;6391;17.32089584;175;616;4929;20.77238151;1709;0;0;0;0;0
28/09/2020;12.2378515;5696;32.43;7267;20.6271637;187;616;4929;20.02348796;1703;7;0;0;0;0
29/09/2020;11.17810058;5885;29.5;8145;17.37024312;170;616;4929;19.54976303;1688;5;0;0;0;0
30/09/2020;12.69798955;6316;28.19;9456;17.27154856;179;100;3685;19.7984588;1687;14;10;0;0;0
1/10/2020;7.019224395;9050;48.81;5392;17.66632681;183;101;3685;19.7225573;1658;13;3;0;0;0
2/10/2020;22.79366315;3597;18.97;13709;16.0872138;152;101;3686;21.07164359;1661;18;4;0;0;0
3/10/2020;13.98758042;5781;35.75;6644;17.81436865;163;204;12520;22;1650;16;3;0;0;0
4/10/2020;9.81806769;5081;33.56;3966;17.81436865;154;172;5281;23.13749243;1651;0;0;0;0;0
5/10/2020;5.079429534;8904;52.08;4758;16.0872138;138;173;5282;22.58852259;1638;11;3;0;0;0
6/10/2020;7.508971233;7299;37.91;5764;18.11045234;152;172;5281;23.72464659;1627;28;4;0;0;0
7/10/2020;9.168962083;8834;33.16;6459;18.01175778;153;173;5282;23.74768089;1617;14;5;0;0;0
8/10/2020;7.869159547;9363;26.94;14865;17.32089584;139;173;5282;23.48203222;1614;19;5;0;0;0
9/10/2020;8.179169459;9848;14.55;13242;18.30784147;132;172;5281;24.42078898;1597;17;11;0;0;0
10/10/2020;7.038932525;6594;14.04;20082;16.28460292;151;173;5282;23.80352645;1588;15;4;0;0;0
11/10/2020;8.647856789;4035;12.99;11174;15.29765729;131;173;5282;24.56924059;1567;0;0;0;0;0
12/10/2020;6.488440654;4161;16.64;15224;18.11045234;126;172;5281;24.61439589;1556;11;7;0;0;0
13/10/2020;7.269135347;8407;15.92;14865;16.53133933;145;173;5282;25.54417414;1562;20;6;0;0;0
14/10/2020;5.579221649;7168;14.96;15968;14.50810079;143;172;5281;26.32600259;1546;9;8;0;0;0
15/10/2020;5.549383744;9005;14.9;14612;15.69243555;132;173;5282;26.34615385;1560;9;11;0;0;0
16/10/2020;6.918909721;6346;14.92;18049;17.46893768;117;173;5282;26.66666667;1545;13;6;0;0;0
17/10/2020;6.189127678;7095;15.91;16887;15.98851923;118;172;5281;28.70493992;1498;21;14;0;0;0
18/10/2020;8.178395764;5098;12.74;14007;14.40940622;109;173;5282;29.05317769;1542;9;0;0;0;0
19/10/2020;15.43793666;7482;15.06;13860;16.0872138;94;173;5282;28.66492147;1528;21;8;0;0;0
20/10/2020;5.92913582;6861;14.67;16087;16.67938118;127;1115;18360;29.99349382;1537;18;5;0;0;0
21/10/2020;8.248922555;7656;15.24;15475;15.74178283;116;0;1498;29.59381044;1551;16;16;0;0;0
22/10/2020;6.699278639;9287;15.06;17381;14.26136438;123;28;2495;30.7248236;1559;14;11;0;0;0
23/10/2020;5.749345326;8782;16.58;15640;17.07415943;111;0;1613;31.40983607;1525;12;14;0;0;0
24/10/2020;5.05929878;7215;14.04;15218;15.5443937;133;3247.710584;NA;31.32766514;1529;24;15;0;0;0
25/10/2020;5.168959549;4968;13.44;11923;15.10026817;95;46;1200;30.60959792;1542;4;0;0;0;0
26/10/2020;4.399485741;8555;13;11903;15.69243555;117;80;1603;31.36869679;1527;13;8;0;0;0
27/10/2020;5.309270203;7275;13.67;14959;12.48486224;112;68;1211;30.49180328;1525;15;26;0;0;0
28/10/2020;5.119456994;9428;15.52;14070;13.71854428;102;296;5232;31.06159895;1526;4;17;0;0;0
29/10/2020;5.299181341;6473;22.62;9916;14.90287904;132;1938;51282;30.95549738;1528;6;20;0;0;0
30/10/2020;2.769763712;11722;12.5;15990;15.34700457;102;71;1075;30.58668425;1517;5;16;0;0;0
31/10/2020;5.279376476;8467;17.07;11489;14.11332253;114;78;932;31.64806303;1523;14;15;0;0;0
1/11/2020;5.417062331;1844;13;11801;15.98851923;98;81;1385;31.42669297;1521;0;0;0;0;0
2/11/2020;7.168967305;6942;18.19;10222;15.44569914;108;73;1960;32.78580815;1522;5;10;0;0;0
3/11/2020;5.989450408;10898;18.36;12160;17.07415943;115;79;1446;31.6413975;1517;9;17;0;0;0
4/11/2020;8.028848415;6972;18.27;13001;16.67938118;111;93;1776;30.72329131;1507;7;11;0;0;0
5/11/2020;3.989636976;10990;18.19;12878;13.96528069;103;83;1995;31.82121414;1499;9;6;0;0;0
6/11/2020;4.74940506;7983;17.46;12187;15.79113011;100;NA;4169;32.4;1500;7;11;0;0;0
7/11/2020;5.649287695;7931;17.18;10914;13.37311331;130;3247.710584;4170;32.80106454;1503;5;16;0;0;0
8/11/2020;4.229102101;4710;17.03;5844;14.11332253;107;NA;34690;32.69358041;1511;0;9;0;0;0
9/11/2020;4.879198555;6088;16.77;9584;13.37311331;73;3247.710584;34691;32.71028037;1498;8;18;0;0;0
10/11/2020;4.909427806;8580;17.79;12110;16.97546487;95;94;1861;33.35574983;1487;10;18;0;0;0
11/11/2020;4.449426325;7756;16.08;11731;14.90287904;105;2027;3940;35.07362784;1494;9;13;0;0;0
12/11/2020;5.4293966;8998;16.2;11876;14.11332253;99;82;1681;34.06813627;1497;8;13;0;0;0
13/11/2020;4.849571062;11306;14.02;12132;17.07415943;91;1277;42433;33.44526528;1489;7;21;0;0;0
14/11/2020;4.939375632;7911;17.74;9702;15.34700457;112;NA;22144;32.6806212;1481;10;21;0;0;0
15/11/2020;3.849498959;7683;17.3;5554;13.81723884;115;3247.710584;22144;32.83783784;1480;0;6;0;0;0
16/11/2020;4.4992891;6329;15.33;8989;14.40940622;91;531;11280;34.12162162;1480;10;14;0;0;0
17/11/2020;4.469527584;9461;13.46;11867;15.74178283;111;445;8877;34.28377461;1473;5;16;0;0;0
18/11/2020;3.119718361;11077;14.51;11162;14.50810079;110;319;11778;34.25675676;1480;6;4;0;0;0
19/11/2020;4.50958959;10988;15.03;11138;12.92898778;95;318;11758;33.46855984;1479;6;4;0;0;0
20/11/2020;5.039438503;8975;14.9;10349;15.64308826;106;318;11758;34.3495935;1476;15;3;0;0;0
21/11/2020;4.129580838;9852;13.1;9022;14.06397525;94;308;85943;34.13333333;1500;19;11;0;0;0
22/11/2020;3.749357547;5836;15.56;4292;13.81723884;98;376;8096;33.57958361;1489;0;0;0;0;0
23/11/2020;6.409112065;7218;15.58;9110;14.80418448;94;257;12195;33.8937458;1487;12;7;0;0;0
24/11/2020;4.529573486;10620;14.43;10665;15.14961545;119;285;11754;34.02545211;1493;11;11;0;0;0
25/11/2020;5.379153156;6352;14.28;10826;13.32376603;109;397;16690;33.69938229;1457;18;8;0;0;0
26/11/2020;4.729492761;9324;14.87;10328;12.53420952;115;337;13915;34.32231962;1483;14;10;0;0;0
27/11/2020;5.829313714;8494;13.07;11854;13.76789156;83;356;12908;33.63074811;1457;14;6;0;0;0
28/11/2020;4.739418334;8148;16.04;11075;12.68225137;105;437;9453;32.80929597;1463;12;6;0;0;0
29/11/2020;5.509036208;5716;15.82;4803;14.95222632;98;353;9650;33.90410959;1460;0;0;0;0;0
30/11/2020;5.309360241;8299;15.2;7778;14.90287904;106;368;11664;33.79405667;1447;12;9;0;0;0
1/12/2020;5.679324051;8402;14.85;9224;14.80418448;116;424;15954;33.07799443;1436;8;13;0;0;0
2/12/2020;5.748998432;5740;14.26;10104;14.80418448;95;1318;15317;33.40292276;1437;17;6;0;0;0
3/12/2020;7.35902439;7543;15.19;9602;14.26136438;104;311;13063;32.37561317;1427;9;8;0;0;0
4/12/2020;6.159245191;8160;12.78;10369;14.65614263;106;350;14835;31.46067416;1424;10;5;0;0;0
5/12/2020;6.388816447;5398;12.3;7149;13.71854428;127;179;9239;31.45833333;1440;11;14;0;0;0
6/12/2020;6.269133739;7237;16.21;4628;11.99138943;124;343;10159;30.4467354;1455;0;0;0;0;0
7/12/2020;6.628914361;6106;10.93;10062;16.92611759;110;358;13685;29.86111111;1440;8;10;0;0;0
8/12/2020;6.228772172;5073;10.06;3727;14.26136438;123;283;13894;29.73720609;1446;0;0;0;0;0
9/12/2020;10.55808696;5519;16.73;7268;14.50810079;108;291;15345;29.62707182;1448;12;7;0;0;0
10/12/2020;7.448846928;6460;15.11;8939;13.96528069;114;319;13414;28.65168539;1424;13;7;0;0;0
11/12/2020;8.708367997;5336;14.87;11011;15.19896273;135;349;11409;27.79708131;1439;20;9;0;0;0
12/12/2020;9.018823836;7668;15.54;7955;15.79113011;124;216;10928;27.303989;1454;0;0;0;0;0
13/12/2020;14.40722725;5196;11.36;3590;15.59374098;136;609;11367;27.22874914;1447;0;0;0;0;0
14/12/2020;8.977650445;3821;16.63;7230;16.23525564;128;316;9644;26.61674609;1469;1;0;0;0;0
15/12/2020;5.859236582;7675;14.45;9217;14.70548991;125;344;10758;26.39355272;1489;2;0;0;0;0
16/12/2020;9.408675953;7106;13.92;10002;15.98851923;126;242;12024;25.08520791;1467;2;5;0;0;0
17/12/2020;4.329751492;17423;14.75;10086;15.59374098;133;395;50227;25.79553148;1477;4;21;0;0;0
18/12/2020;10.59804968;5434;15.33;10197;16.77807574;125;203;10890;26.37661455;1471;10;20;0;0;0
19/12/2020;10.02864239;7387;14.46;6067;17.27154856;130;175;14701;25.9986459;1477;13;25;0;0;0
20/12/2020;8.588251577;4912;15.45;3469;17.27154856;147;269;9333;25.55932203;1475;0;1;0;0;0
21/12/2020;9.158777363;7491;13.97;7103;16.77807574;137;386;93575.87202;24.6779661;1475;2;18;0;0;0
22/12/2020;10.18890689;9321;12.83;9044;15.5443937;146;264;12752;23.37662338;1463;4;13;0;0;0
23/12/2020;8.349097004;9246;12.31;7696;16.43264477;126;265;9446;22.19140083;1442;2;14;0;0;0
24/12/2020;10.27886672;9070;13.48;4689;16.33395021;179;220;9867;23.93048128;1496;0;2;0;0;0
25/12/2020;11.94728162;4395;13.96;1769;18.94935613;168;186;43673;22.88828338;1468;0;0;0;0;0
26/12/2020;11.33832099;6753;15.35;3733;18.80131429;155;147;10289;23.0458221;1484;8;30;0;0;0
27/12/2020;10.50858718;7438;18.46;2540;17.07415943;200;3247.710584;8959;21.95945946;1480;0;0;0;0;0
28/12/2020;9.6785672;6755;16.39;5697;18.60392516;174;141;7819;20.73578595;1495;11;17;0;0;0
29/12/2020;9.209047767;9671;17.03;7206;16.18590836;212;342;11961;18.9747004;1502;6;3;0;0;0
30/12/2020;11.47906735;12308;15.16;7321;18.35718875;181;138;9497;19.04761905;1512;2;9;0;0;0
31/12/2020;12.80871797;9991;14.96;5226;18.35718875;183;108;25753;16.97612732;1508;0;0;0;0;0
1/01/2021;14.89613389;3853;18.28;1783;18.25849419;212;153;5026;16.58955717;1513;0;0;0;0;0
2/01/2021;15.33816089;8340;2.5;3885;19.78825992;233;55;10722;14.99000666;1501;0;19;0;0;0
3/01/2021;15.31835269;9299;5.44;2907;19.14674526;223;223;7750;15.11169514;1522;0;0;0;0;0
4/01/2021;9.618865967;8482;2.67;5389;20.82455283;264;89;7728;15.02927781;1537;1;11;0;0;0
5/01/2021;12.45969176;12911;9.11;8840;19.73891264;260;160;7780;16.28643853;1578;1;8;0;0;0
6/01/2021;17.99522261;10668;5.52;6126;19.2947871;246;145;9188;15.54726368;1608;1;4;0;0;0
7/01/2021;16.09455743;11997;14.48;5871;21.41672021;318;134;11415;14.30325353;1629;2;1;0;0;0
8/01/2021;15.17767021;15803;6.3;6429;22.84779138;274;87;5811;14.03402187;1646;1;9;0;0;0
9/01/2021;17.12861196;12758;12.44;5819;22.05823487;333;118;9495;13.16425121;1656;2;15;0;0;0
10/01/2021;16.71393831;11443;8.03;3149;23.0451805;352;191;7853;12.69649335;1654;0;1;0;0;0
11/01/2021;15.27096868;13760;15.79;4941;24.1308207;334;117;93575.87202;10.8490566;1696;1;1;0;0;0
12/01/2021;16.38916287;17786;8.46;5840;23.5880006;397;120;7139;9.777517564;1708;11;4;0;0;0
13/01/2021;13.01896764;22123;22.06;9709;25.01907177;426;89;7406;9.356725146;1710;7;3;0;0;0
14/01/2021;15.51923073;39803;14.37;8226;23.53865332;395;76;9593;8.705612829;1746;8;2;0;0;0
15/01/2021;16.5641997;18367;14.65;10246;26.0060174;442;89;6877;7.921348315;1780;15;2;0;0;0
16/01/2021;14.6110057;20890;11.9;10844;28.37468691;450;64;8449;7.683679192;1783;10;0;0;0;0
17/01/2021;15.19328195;20563;14.69;5229;29.85510536;503;168;4955;7.479224377;1805;0;3;0;0;0
18/01/2021;18.22201902;18612;13.45;7584;30.89139827;471;104;7588;7.119386637;1826;3;7;0;0;0
19/01/2021;17.94917077;22321;17.04;8534;31.92769119;586;68;5530;6.960304513;1839;4;4;0;0;0
20/01/2021;14.62631719;18398;13;11856;31.77964934;509;47;4728;6.799784134;1853;0;5;0;0;0
21/01/2021;13.58218793;26700;12.79;12216;34.39505527;523;85;16427;6.934886183;1889;2;3;0;0;0
22/01/2021;19.29812042;22355;14.81;10317;32.86528954;557;111;7527;6.466876972;1902;0;2;0;0;0
23/01/2021;15.44042197;25546;15.73;7192;36.31959925;539;49;7094;5.758055996;1893;1;3;0;0;0
24/01/2021;20.31797937;15410;14.44;4509;36.07286284;565;96;3692;5.099894848;1902;0;5;0;0;0
25/01/2021;13.95958609;24352;23.17;4510;42.53735673;634;68;4524;5.274151436;1915;0;4;0;0;0
26/01/2021;17.00903948;25683;27.49;8593;37.75067042;616;95;4924;5.282237183;1931;0;3;0;0;0
27/01/2021;15.18307359;27449;16.9;9153;38.83631061;566;136;5210;5.515463918;1940;1;4;0;0;0
28/01/2021;16.94568513;26607;15.73;10686;39.28043615;572;84;14553;5.088265836;1926;0;6;0;0;0
29/01/2021;14.19881129;39361;14.95;10428;40.16868721;628;89;3844;4.42159383;1945;0;5;0;0;0
30/01/2021;15.32677382;24979;16.3;8514;41.64910566;648;43;5847;4.622496148;1947;0;2;0;0;0
31/01/2021;24.10955281;15876;13.84;4690;42.8827877;586;51;2679;4.183884298;1936;0;0;0;0;0
1/02/2021;18.11541052;31471;14.47;9308;44.46190071;660;79;6803;5.324298161;2066;1;0;0;0;0
2/02/2021;19.3670076;35245;16.95;10300;39.32978343;666;117;5582;6.434699714;2098;0;8;0;0;0
3/02/2021;12.46645108;39983;16.36;10574;39.62586712;684;70;4989;6.955693187;2099;6;5;0;0;0
4/02/2021;18.87413388;33401;18.24;9261;45.00472081;666;68;5509;5.805243446;2136;0;9;0;0;0
5/02/2021;18.3803804;37854;4.96;9579;43.47495508;689;68;3483;5.857544517;2134;0;8;0;0;0
6/02/2021;19.58390322;23454;47.95;3393;42.78409314;743;23;3666;6.508600651;2151;0;4;0;0;0
7/02/2021;16.73595588;22617;13.52;5453;44.56059528;684;93;4897;6.827682304;2153;7;1;0;0;0
8/02/2021;17.72511668;25881;18.52;5232;46.38644469;691;101;3817;5.784359093;2161;8;3;0;0;0
9/02/2021;15.93116664;33977;19.97;6564;45.94231916;681;57;5104;6.078886311;2155;3751;3;0;0;0
10/02/2021;14.10552536;48575;17.1;11431;46.13970829;736;48;4233;6.315789474;2185;16587;17;0;0;0
11/02/2021;13.5111521;49222;20.93;8538;48.95250334;715;72;7373;6.347031963;2190;34126;2;0;0;0
12/02/2021;13.35545067;45221;4.82;8651;50.77835276;683;77;5375;5.810258738;2203;32386;0;0;0;0
13/02/2021;13.67469981;41873;36.72;6449;48.06425227;720;22;10015;5.447117567;2203;18912;1;1;0;0
14/02/2021;13.55239331;19658;16.19;3330;45.39949906;697;44;2652;5.583295506;2203;5355;1;0;0;0
15/02/2021;14.38294622;34769;16.06;7642;46.73187567;707;102;4800;5.482555505;2207;11486;0;0;0;0
16/02/2021;14.58966597;47630;4.83;9504;50.28487994;703;103;4176;5.989110708;2204;7523;1;0;0;0
17/02/2021;14.22648305;49414;27.86;9463;49.14989246;650;272;3190;5.757026292;2206;3949;0;0;0;0
18/02/2021;13.7968632;46760;18.5;6855;45.59688819;680;46;9612;5.906221821;2218;7406;1;0;0;0
19/02/2021;13.07705215;44272;8.21;7134;48.01490499;676;35;2120;5.87164315;2197;30528;0;0;0;0
20/02/2021;13.98088431;39465;33.52;5644;45.20210994;681;26;3451;5.411550705;2199;26129;0;0;0;0
21/02/2021;15.70952118;18837;13.5;3623;47.27469576;695;49;2811;5.40417802;2202;4556;1;0;0;0
22/02/2021;12.91315454;42487;15.97;7844;46.04101372;667;86;3564;5.074762121;2207;30465;9;0;0;0
23/02/2021;14.01117946;43697;21.46;5499;43.82038605;733;74;4964;4.716981132;2226;27267;1;0;0;0
24/02/2021;14.27309225;47188;17.57;6756;46.43579198;690;62;3598;4.910714286;2240;22912;4;0;0;0
25/02/2021;13.88369625;47182;16.26;6696;43.57364964;706;48;4846;5.23255814;2236;15808;6;1;0;0
26/02/2021;13.68687709;46603;17.89;6260;45.89297188;669;54;2390;5.265486726;2260;15640;4;0;0;0
27/02/2021;13.41077602;37846;17.72;4894;46.18905557;666;15;4128;5.035335689;2264;6827;0;0;0;0
28/02/2021;15.77970762;17237;16.06;2578;45.15276265;631;39;1962;5.364995602;2274;1012;1;0;0;0
1/03/2021;11.82806446;38009;14.43;5973;48.85380877;595;50;2354;6.304728546;2284;9295;5;0;0;0
2/03/2021;11.60478657;47649;19.78;5774;47.07730664;667;60;3990;5.279366476;2273;7115;2141;0;0;0
3/03/2021;7.703023963;48366;16.72;6891;49.10054518;684;109;4757;5.102485826;2293;6408;12057;0;0;0
4/03/2021;15.07216178;49412;16;6244;45.94231916;622;109;2649;5.496921724;2274;3773;29238;0;0;0
5/03/2021;11.5521334;49113;15.68;6353;45.25145722;660;43;2682;5.028175119;2307;4624;32332;0;1;0
6/03/2021;12.21229036;43979;16.82;5007;43.52430236;623;9;2482;5.249457701;2305;3023;17008;0;0;0
7/03/2021;14.11214439;20998;15.23;2153;41.79714751;650;35;2369;4.598698482;2305;140;2474;0;0;0
8/03/2021;11.86628162;40237;14.01;5580;46.28775013;639;39;2712;5.272255834;2314;17968;12690;0;0;0
9/03/2021;12.11343983;52615;14.48;7326;46.58383382;678;77;3606;5.122686182;2323;19612;7518;1;0;0
10/03/2021;11.62149045;51849;13.81;7888;42.8827877;669;61;1970;5.211024978;2322;12917;5076;0;0;0
11/03/2021;11.81367628;58482;13.58;8326;44.11646974;663;36;6278;4.901117799;2326;8546;5907;0;0;0
12/03/2021;8.156075781;53337;12.06;8326;45.3008045;699;43;1586;5.448997384;2294;8747;17742;0;0;0
13/03/2021;8.549797485;42218;10.42;8006;45.15276265;657;16;2158;4.602150538;2325;6187;29447;0;0;0
14/03/2021;14.84501329;41397;12.34;3429;45.89297188;619;42;2384;4.468085106;2350;710;2715;0;0;0
15/03/2021;12.60057863;58119;9.73;7863;47.32404304;661;33;2185;4.688832055;2346;18132;29812;0;0;0
16/03/2021;11.82859019;63717;14.18;7033;45.49819363;678;55;2256;5.294877314;2323;22657;24942;0;0;1
17/03/2021;12.12074153;57003;15.29;6637;46.04101372;712;42;1915;5.637982196;2359;22415;24451;0;0;0
18/03/2021;12.82262149;56116;14.63;6335;46.38644469;708;26;5410;4.719387755;2352;26214;16624;0;0;0
19/03/2021;13.46008598;60478;14.02;7089;44.41255343;677;95;2003;5.002119542;2359;25673;15831;0;0;0
20/03/2021;9.954951901;47609;18.54;4347;44.06712246;699;138;4451;5.263157895;2337;18167;6389;0;0;0
21/03/2021;17.95217673;33237;12.86;3865;44.56059528;756;49;1512;4.674883128;2353;685;1029;0;0;0
22/03/2021;13.94039923;53652;13.02;7595;45.3008045;735;40;1577;4.699407282;2362;8697;8757;0;0;0
23/03/2021;15.85251729;64914;14.83;6534;45.15276265;686;43;1185;4.249893753;2353;15638;9298;0;0;0
24/03/2021;11.21508125;62031;15.42;6406;46.58383382;748;24;1226;4.329550231;2379;14684;7393;0;0;0
25/03/2021;18.90999411;57747;16.03;6240;45.89297188;746;46;3746;3.873684211;2375;12960;4806;0;0;0
26/03/2021;10.96396028;69330;16.13;6126;45.44884634;735;16;990;3.886335144;2393;16637;4766;0;0;0
27/03/2021;12.19226814;66516;17.54;4561;49.19923974;741;300;3069;3.591278324;2339;11297;3104;0;0;0
28/03/2021;10.57717861;26610;14.36;2953;48.26164139;747;44;1298;3.962900506;2372;2096;202;0;0;0
29/03/2021;12.54115496;48832;18.05;4599;47.32404304;765;26;1230;4.347826087;2392;4902;12492;0;0;0
30/03/2021;11.75790819;65526;17.46;5876;49.10054518;795;60;1278;3.602484472;2415;4651;21954;0;0;0
31/03/2021;16.23100912;73905;16.27;5647;47.27469576;763;1314;5224;4.007285974;2196;7635;17605;0;0;0
1/04/2021;12.93054671;47026;14.15;3831;49.54467072;750;307;3555;3.975959316;2163;2435;4304;0;0;0
2/04/2021;14.65193668;34584;16.66;3290;47.62012673;787;36;3293;3.691739732;2167;1146;2804;0;0;0
3/04/2021;15.08946004;51707;18.93;3190;49.64336528;847;20;1330;3.729281768;2172;2709;6200;0;0;0
4/04/2021;19.26651642;38801;14.57;2512;51.66660382;805;43;922;3.487838458;2179;277;1320;0;0;0
5/04/2021;13.54948592;56936;14.39;4655;54.28200975;812;28;1104;3.681818182;2200;6147;10341;0;0;0
6/04/2021;13.78923849;59210;12.94;8802;53.14702227;823;148;1171;3.442109969;2237;11767;18660;0;0;0
7/04/2021;11.7329777;76726;19.4;4975;50.87704732;830;57;1655;2.59391771;2236;13867;17010;1;0;0
8/04/2021;11.96270375;80709;18.35;4969;52.60420217;782;39;2451;3.449800973;2261;16999;28810;0;0;0
9/04/2021;16.36968678;63372;16.2;5938;55.95981732;760;37;1258;3.015734266;2288;16637;18419;0;0;0
10/04/2021;13.81348543;50997;17.3;5103;51.17313101;833;27;3030;3.252385082;2306;4187;8781;0;0;0
11/04/2021;22.96711961;22982;20.95;1656;51.56790926;783;130;1003;3.489875054;2321;25;79;0;0;0
12/04/2021;11.0229582;47085;9.62;12447;54.92352441;822;53;2203;2.981849611;2314;906;13240;2;0;0
13/04/2021;10.85882483;60773;11.85;12068;53.78853693;842;46;995;3.075608714;2341;1885;20124;0;0;0
14/04/2021;19.95887076;61846;17.21;5705;50.77835276;846;31;836;3.207869974;2338;2728;20686;0;0;0
15/04/2021;11.16697501;63715;15.98;5450;50.97574188;800;17;317;3.261802575;2330;1842;21550;0;0;0
16/04/2021;10.35841346;73114;17.78;5642;54.33135703;828;63;541;2.901023891;2344;19694;21874;0;0;0
17/04/2021;11.205912;57340;18.59;3786;50.28487994;827;51;1671;2.79305967;2363;29650;14602;0;0;0
18/04/2021;11.52997582;23575;12.69;2459;52.11072936;758;50;1888;2.414231258;2361;27936;3175;0;0;0
19/04/2021;18.21592107;57139;15.35;5805;54.1339679;766;70;2354;2.923976608;2394;6964;4017;0;0;0
20/04/2021;12.77255237;54513;21.44;3530;53.24571683;762;67;2799;2.358295408;2417;11268;5149;0;0;0
21/04/2021;10.98402628;63082;16.41;5303;50.87704732;734;44;1165;2.969072165;2425;9836;10245;0;0;0
22/04/2021;15.28006726;66758;14.72;5759;52.35746577;756;27;606;2.66502665;2439;8221;2527;0;0;0
23/04/2021;11.00889454;69418;15.45;5516;50.97574188;791;25;5697;2.62402624;2439;26408;2595;0;0;0
24/04/2021;11.09138564;59661;19.85;4060;49.64336528;699;25;554;2.690397351;2416;27682;2465;0;0;0
25/04/2021;17.90255019;34616;16.24;2556;48.36033596;723;87;2006;2.4370095;2421;15560;128;0;0;0
26/04/2021;9.995873782;60672;16.53;4895;47.7188213;711;57;1480;2.742529677;2443;15365;4510;0;0;0
27/04/2021;10.75029069;67529;19.15;5315;46.92926479;719;78;2644;2.347611203;2428;19708;10831;1;1;0
28/04/2021;14.7714015;54034;14.26;4749;49.594018;677;72;1587;1.988636364;2464;39526;11842;2;0;0
29/04/2021;9.72439307;67132;15.28;6013;49.89010169;715;17;1264;2.443991853;2455;44739;12894;2;0;0
30/04/2021;9.205589273;52165;15.84;4229;44.70863712;674;105;2560;2.11554109;2458;81291;18310;0;0;0
1/05/2021;13.44789064;40343;18.82;3497;46.33709741;668;26;1342;2.600568874;2461;63142;2997;0;0;0
2/05/2021;13.36633086;21658;13.88;1686;45.59688819;614;72;1848;1.990251828;2462;47959;1077;0;0;0
3/05/2021;7.646981173;50989;15.35;4314;47.1760012;626;80;1630;2.483713355;2456;59266;5045;0;0;0
4/05/2021;8.328408888;58235;19.5;4712;44.85667896;617;329;2733;2.639058059;2463;22885;1513;0;0;0
5/05/2021;11.05506563;66275;14.89;5965;46.92926479;595;99;2682;2.403258656;2455;20479;4562;0;0;0
6/05/2021;8.955457892;66281;14.79;5809;42.48800945;602;65;1813;2.598457166;2463;39240;2063;0;1;0
7/05/2021;7.728248527;63654;14.3;4705;43.62299692;575;112;2461;2.510121457;2470;33518;14827;0;1;0
8/05/2021;8.528059305;54160;15.47;3975;38.49087964;543;39;305;2.26904376;2468;61128;22747;0;0;0
9/05/2021;13.24149634;21605;14.89;1471;42.24127304;546;37;3172;2.063106796;2472;33322;25464;0;0;0
10/05/2021;8.302526165;51021;13.17;4805;40.02064537;565;355;5276;2.311435523;2466;47525;9042;0;0;0
11/05/2021;8.414224785;65297;30.77;6201;42.68539857;509;NA;NA;2.910266774;2474;42794;12566;0;0;0
12/05/2021;11.13011551;62329;11.18;6610;39.52717255;516;NA;NA;2.892728003;2489;57717;11398;0;0;0
13/05/2021;7.566386965;65545;14.54;5310;38.63892148;537;NA;NA;2.931726908;2490;73432;8432;0;1;0
14/05/2021;8.701569039;55721;11;6335;37.35589216;453;NA;NA;2.813504823;2488;88001;20946;0;0;0
15/05/2021;7.499985135;51799;10.22;5589;37.65197585;500;NA;NA;2.536231884;2484;52995;22006;0;0;0
16/05/2021;15.3871061;23977;18.94;3131;39.32978343;450;NA;NA;2.943548387;2480;23643;14540;0;0;0
17/05/2021;7.945128492;48329;12.61;5775;38.49087964;470;NA;NA;3.161734901;2467;51144;8320;0;0;0
18/05/2021;8.067660113;60066;11.47;7562;37.2571976;431;NA;NA;2.918524524;2467;59552;9902;0;0;0
19/05/2021;10.18805417;58735;10.53;7219;38.83631061;429;NA;NA;2.181818182;2475;60367;20367;0;0;0
20/05/2021;7.854741845;57232;10.22;6957;33.95092973;453;NA;NA;2.314250914;2463;70320;16432;0;0;0
21/05/2021;8.249835515;55080;11.51;6438;34.88852808;451;NA;NA;2.470635885;2469;109198;53704;0;0;0
22/05/2021;8.353456359;45816;12.85;4739;33.06267866;441;NA;NA;2.352941176;2465;79415;52298;0;0;0
23/05/2021;6.329489144;20494;10.77;3130;34.0496243;424;NA;NA;2.137958854;2479;45346;42896;1;0;0
24/05/2021;11.03254423;42393;12.12;5406;34.88852808;419;NA;NA;1.867641088;2463;69611;52304;1;0;0
25/05/2021;7.880827465;53536;11.16;6926;33.26006779;398;NA;NA;2.426202992;2473;77810;23658;0;0;0
26/05/2021;7.512231067;53767;10.63;7237;33.55615148;415;NA;NA;1.913680782;2456;83311;12795;1;0;0
27/05/2021;9.498008854;50372;10.09;7094;33.95092973;387;NA;NA;2.062272543;2473;90378;27074;0;0;0
28/05/2021;7.225636436;92577;8.96;13689;32.07573303;369;NA;NA;2.346278317;2472;124694;27837;0;1;0
29/05/2021;7.543257145;62038;9.09;10316;31.33552381;333;NA;NA;2.538275584;2482;75379;56159;0;0;0
30/05/2021;7.266748715;50579;9.73;6875;31.18748196;329;NA;NA;2.5;2480;33864;31584;0;0;0
31/05/2021;5.429091091;49927;9.33;5908;32.22377488;307;NA;NA;2.838605028;2466;68986;43400;0;0;0
1/06/2021;15.22909783;45456;9.95;5538;33.45745692;335;NA;NA;3.147699758;2478;75784;38034;2;0;0
2/06/2021;7.245277897;51277;10.54;4827;31.82899663;285;NA;NA;3.381642512;2484;78278;36482;2;0;0
3/06/2021;14.70000366;NA;18.5;NA;29.70706352;315;NA;NA;3.348124244;2479;38770;26910;0;0;0
4/06/2021;8.07;NA;NA;NA;28.32533963;326;NA;NA;3.787268332;2482;16170;21588;0;0;0
5/06/2021;8.16;NA;NA;NA;29.60836895;301;NA;NA;3.74546919;2483;7568;13722;0;0;0
6/06/2021;7.7;NA;NA;NA;27.68382497;271;NA;NA;3.822937626;2485;1857;304;0;0;0
7/06/2021;7.56;NA;NA;NA;27.83186682;252;NA;NA;3.606158833;2468;7994;23502;0;0;0
8/06/2021;8.12;NA;NA;NA;25.95667012;242;NA;NA;3.841438496;2447;101553;116780;8;0;0
9/06/2021;7.26;NA;NA;NA;27.43708856;261;NA;NA;4.530612245;2450;115129;92315;2;0;0
10/06/2021;6.78;NA;NA;NA;28.22664507;253;NA;NA;4.502660663;2443;124657;106660;1;0;0
11/06/2021;9.04;NA;NA;NA;26.15405924;223;NA;NA;5.079100749;2402;90853;135329;1;0;0
12/06/2021;7.56;NA;NA;NA;23.93343157;245;NA;NA;5.252188412;2399;75571;89238;3;0;0
13/06/2021;6.63;NA;NA;NA;24.82168264;232;NA;NA;5.247813411;2401;37344;47020;1;0;0
14/06/2021;8.29;NA;NA;NA;24.08147342;227;NA;NA;4.823825503;2384;36428;78672;1;1;0
15/06/2021;7.93;NA;NA;NA;24.47625167;219;NA;NA;4.648241206;2388;42169;89524;2;0;0
16/06/2021;7.25;NA;NA;NA;23.68669516;212;NA;NA;4.883138564;2396;38211;77132;0;0;0
17/06/2021;7.99;NA;NA;NA;21.95954031;191;NA;NA;5.002084202;2399;40654;100659;0;0;0
18/06/2021;8.62;NA;NA;NA;23.24256963;201;NA;NA;5.460608587;2399;35745;139355;3;0;0
19/06/2021;8.48;NA;NA;NA;23.68669516;219;NA;NA;5.298289529;2397;22694;92020;3;0;0
20/06/2021;6.22;NA;NA;NA;22.65040225;199;NA;NA;5.206164098;2401;6244;27259;3;0;0
21/06/2021;7.34;NA;NA;NA;23.34126419;168;NA;NA;6.107834878;2374;44339;68791;1;0;0
22/06/2021;7.05;NA;NA;NA;21.61410934;177;NA;NA;5.882352941;2363;47055;95025;0;0;0
23/06/2021;6.38;NA;NA;NA;19.68956535;177;NA;NA;6.213017751;2366;41268;87789;3;0;0
24/06/2021;6.47;NA;NA;NA;21.51541477;187;NA;NA;6.043956044;2366;44293;42111;0;0;0
25/06/2021;7.63;NA;NA;NA;22.00888759;177;NA;NA;7.734113712;2392;92783;34942;0;0;0
26/06/2021;6.81;NA;NA;NA;22.00888759;152;NA;NA;8.392782207;2383;69598;12943;0;0;0
27/06/2021;6.09;NA;NA;NA;20.23238545;155;NA;NA;8.573818486;2391;47408;3987;2;0;0
28/06/2021;6.67;NA;NA;NA;19.73891264;165;NA;NA;9.605704698;2384;42597;14005;1;0;0
29/06/2021;6.48;NA;NA;NA;20.28173273;159;NA;NA;10.6391926;2378;31263;69885;1;1;0
30/06/2021;5.84;NA;NA;NA;19.59087079;131;NA;NA;9.850746269;2345;84102;98751;2;2;0
1/07/2021;6.14;NA;NA;NA;21.66345662;134;NA;NA;10.52631579;2337;100311;101783;2;0;0
2/07/2021;6.2;NA;NA;NA;18.85066157;140;NA;NA;10.6974754;2337;116721;91522;3;0;0
3/07/2021;5.87;NA;NA;NA;19.78825992;151;NA;NA;10.87883959;2344;124735;73299;1;0;0
4/07/2021;4.89;NA;NA;NA;19.14674526;127;NA;NA;11.43832693;2343;100272;35486;0;0;0
5/07/2021;5.79;NA;NA;NA;18.90000885;121;NA;NA;12.52122241;2356;151411;37067;0;0;0
6/07/2021;6.07;NA;NA;NA;18.11045234;115;NA;NA;12.97709924;2358;172374;41920;2;0;0
7/07/2021;5.03;NA;NA;NA;17.22220127;123;NA;NA;12.71948608;2335;137833;34638;2;0;0
8/07/2021;5.18;NA;NA;NA;18.80131429;97;NA;NA;13.21989529;2292;115792;43753;2;0;0
9/07/2021;5.31;NA;NA;NA;19.68956535;109;NA;NA;14.80686695;2330;123215;41305;0;0;0
10/07/2021;5.3;NA;NA;NA;18.65327244;108;NA;NA;15.29818496;2314;241887;27174;6;0;0
11/07/2021;4.77;NA;NA;NA;17.17285399;95;NA;NA;15.87575496;2318;170295;11026;8;0;0
12/07/2021;5.43;NA;NA;NA;18.70261972;81;NA;NA;15.79634465;2298;84861;22892;0;0;0
13/07/2021;5.27;NA;NA;NA;17.91306322;99;NA;NA;16.99092088;2313;86895;25596;2;0;0
14/07/2021;4.46;NA;NA;NA;14.60679535;91;NA;NA;18.17406143;2344;119603;30213;1;0;0
15/07/2021;4.66;NA;NA;NA;16.67938118;83;NA;NA;18.13471503;2316;142454;58250;0;0;0
16/07/2021;5.14;NA;NA;NA;16.82742302;91;NA;NA;18.79861711;2314;133618;95316;2;0;0
17/07/2021;5.34;NA;NA;NA;15.74178283;89;NA;NA;18.30802603;2305;227915;81636;4;0;0
18/07/2021;4.62;NA;NA;NA;15.24831001;108;NA;NA;18.86629165;2311;131944;47039;4;0;0
19/07/2021;5.13;NA;NA;NA;16.82742302;88;NA;NA;19.12964642;2206;57778;40923;1;0;0
20/07/2021;4.77;NA;NA;NA;17.22220127;84;NA;NA;20.10027347;2194;71717;31948;1;0;0
21/07/2021;4.36;NA;NA;NA;16.18590836;76;NA;NA;19.7997269;2197;86886;72868;0;0;0
22/07/2021;4.65;NA;NA;NA;15.39635186;79;NA;NA;21;2200;110647;83896;2;2;0
23/07/2021;5.04;NA;NA;NA;16.23525564;62;NA;NA;22.42863616;2207;147576;101088;2;1;0
24/07/2021;4.38;NA;NA;NA;16.33395021;77;NA;NA;22.21715328;2192;276526;112067;2;0;0
25/07/2021;4;NA;NA;NA;15.24831001;84;NA;NA;22.96195652;2208;207016;101349;3;0;0
26/07/2021;4.12;NA;NA;NA;16.67938118;60;NA;NA;23.67941712;2196;52614;25552;0;0;0
27/07/2021;4.01;NA;NA;NA;16.03786652;77;NA;NA;23.66273799;2206;40980;214491;4;0;0
28/07/2021;3.01;NA;NA;NA;15.05092088;73;NA;NA;23.48272642;2142;14135;102087;3;0;0
29/07/2021;3.41;NA;NA;NA;12.78094593;58;NA;NA;23.5892692;2162;15705;49620;2;0;0
30/07/2021;5.67;NA;NA;NA;15.74178283;56;NA;NA;25;2184;37634;128795;5;1;0
31/07/2021;4.51;NA;NA;NA;16.58068661;62;NA;NA;24.45272473;2147;59224;217111;7;1;0
1/08/2021;4.94;NA;NA;NA;14.65614263;54;NA;NA;24.16044776;2144;52777;156831;5;0;0
2/08/2021;5.02;NA;NA;NA;17.81436865;66;NA;NA;24.88196412;2118;40965;108408;1;0;0
3/08/2021;4.57;NA;NA;NA;13.57050244;63;NA;NA;26.68235294;2125;38411;101779;2;0;0
4/08/2021;4.96;NA;NA;NA;13.1263769;63;NA;NA;25.30120482;2075;49424;112591;2;0;0
5/08/2021;4.83;NA;NA;NA;14.55744807;70;NA;NA;26.72744722;2084;51412;121649;0;0;0
6/08/2021;5.07;NA;NA;NA;13.71854428;72;NA;NA;27.47358309;2082;156036;129615;3;0;0
7/08/2021;4.34;NA;NA;NA;14.70548991;66;NA;NA;27.91485244;2067;290362;206969;2;1;0
8/08/2021;4.94;NA;NA;NA;15.0015736;57;NA;NA;28.55755221;2059;222345;140640;6;0;0
9/08/2021;4.78;NA;NA;NA;14.70548991;74;NA;NA;28.04284323;2054;53596;52459;0;0;0
10/08/2021;6.17;NA;NA;NA;16.33395021;51;NA;NA;27.5036639;2047;60733;63829;3;0;0
11/08/2021;3.96;NA;NA;NA;14.95222632;58;NA;NA;28.89324192;2042;42078;78099;1;0;0
12/08/2021;4.44;NA;NA;NA;14.95222632;56;NA;NA;28.84520885;2035;37919;80285;1;0;0
13/08/2021;4.48;NA;NA;NA;16.38329749;45;NA;NA;30.17751479;2028;34622;83519;1;0;0
14/08/2021;6.28;NA;NA;NA;13.22507147;51;NA;NA;31.05986261;2038;40010;194995;5;1;0
15/08/2021;3.01;NA;NA;NA;14.40940622;54;NA;NA;31.72413793;2030;21249;176066;3;0;0
16/08/2021;5;NA;NA;NA;14.40940622;52;NA;NA;33.18496538;2022;32809;47720;4;0;0
17/08/2021;4.13;NA;NA;NA;13.42246059;42;NA;NA;33.30019881;2012;37592;63548;3;0;0
18/08/2021;3.35;NA;NA;NA;13.47180787;50;NA;NA;33.65095286;1994;34818;54906;5;0;0
19/08/2021;3.46;NA;NA;NA;12.53420952;47;NA;NA;33.6168084;1999;43418;58904;3;0;0
20/08/2021;4.06;NA;NA;NA;13.57050244;51;NA;NA;34.15245737;1994;81960;69359;2;0;0
21/08/2021;3.58;NA;NA;NA;15.10026817;39;NA;NA;34.43609023;1995;186742;130453;6;0;0
22/08/2021;3.73;NA;NA;NA;13.96528069;44;NA;NA;34.30436966;1991;152035;80045;6;0;0
23/08/2021;3.69;NA;NA;NA;14.70548991;50;NA;NA;35.61643836;1971;34920;46248;5;0;0
24/08/2021;3.65;NA;NA;NA;14.26136438;30;NA;NA;36.07142857;1960;37833;39610;3;0;0
25/08/2021;3.8;NA;NA;NA;15.69243555;35;NA;NA;37.09759836;1957;53562;38086;2;0;0
26/08/2021;3.37;NA;NA;NA;13.81723884;41;NA;NA;37.95396419;1955;70676;36396;3;1;0
27/08/2021;3.64;NA;NA;NA;13.91593341;48;NA;NA;37.4936322;1963;55143;118711;6;1;0
28/08/2021;3.37;NA;NA;NA;16.23525564;35;NA;NA;37.92926704;1951;231000;232464;11;0;0
29/08/2021;3.34;NA;NA;NA;14.60679535;39;NA;NA;37.90816327;1960;179473;229264;6;1;0
30/08/2021;2.94;NA;NA;NA;13.61984972;45;NA;NA;38.01020408;1960;7847;10156;1;0;0
31/08/2021;3.29;NA;NA;NA;13.27441875;30;NA;NA;40.18691589;1926;71095;49157;6;0;0
1/09/2021;3.3;NA;NA;NA;14.50810079;32;NA;NA;40.74267782;1912;77589;71234;2;0;0
2/09/2021;3.84;NA;NA;NA;13.27441875;39;NA;NA;42.02822791;1913;127113;58924;2;0;0
3/09/2021;3.85;NA;NA;NA;13.37311331;40;NA;NA;42.47648903;1914;146384;68506;5;0;0
4/09/2021;3.22;NA;NA;NA;15.39635186;47;NA;NA;42.96257248;1897;290052;75523;5;0;0
5/09/2021;3.25;NA;NA;NA;13.47180787;31;NA;NA;43.60465116;1892;238042;33645;7;0;0
6/09/2021;3.68;NA;NA;NA;13.02768234;37;NA;NA;43.21314952;1886;111318;30209;2;0;0
7/09/2021;3.35;NA;NA;NA;12.04073671;29;NA;NA;42.75053305;1876;175139;38490;2;0;0
8/09/2021;3.64;NA;NA;NA;14.60679535;37;NA;NA;44.46227929;1869;299284;54562;2;0;0
9/09/2021;3.65;NA;NA;NA;13.86658613;40;NA;NA;44.09871245;1864;299119;50934;8;1;0
10/09/2021;4.13;NA;NA;NA;13.02768234;36;NA;NA;45.44964997;1857;338919;75585;8;0;0
11/09/2021;3.9;NA;NA;NA;13.22507147;25;NA;NA;45.59139785;1860;483378;119508;10;1;0
12/09/2021;2.95;NA;NA;NA;14.60679535;34;NA;NA;45.78183772;1861;366976;124246;5;2;0
13/09/2021;3.51;NA;NA;NA;14.70548991;39;NA;NA;46.69156884;1874;171213;39340;2;0;0
14/09/2021;3.32;NA;NA;NA;13.86658613;38;NA;NA;46.77072121;1858;261062;41026;8;1;0
15/09/2021;3.72;NA;NA;NA;12.38616768;29;NA;NA;47.0461869;1862;199698;53847;6;0;0
16/09/2021;3.69;NA;NA;NA;12.97833506;27;NA;NA;48.56988667;1853;263060;74538;6;0;0
17/09/2021;4.26;NA;NA;NA;12.78094593;32;NA;NA;48.70550162;1854;254030;53696;11;0;0
18/09/2021;4.34;NA;NA;NA;13.42246059;32;NA;NA;48.54994629;1862;331683;159402;12;2;0
19/09/2021;2.71;NA;NA;NA;13.76789156;29;NA;NA;47.5780409;1858;187760;116619;7;2;0
20/09/2021;3.91;NA;NA;NA;14.95222632;27;NA;NA;48.18624797;1847;85527;46251;12;0;0
21/09/2021;3.63;NA;NA;NA;13.96528069;28;NA;NA;48.43412527;1852;118846;82346;11;0;0
22/09/2021;3.61;NA;NA;NA;13.1263769;29;NA;NA;48.15418024;1842;105074;72388;5;0;0
23/09/2021;4.35;NA;NA;NA;13.1263769;36;NA;NA;48.4519283;1841;94422;75637;8;1;0
24/09/2021;4.36;NA;NA;NA;14.40940622;26;NA;NA;48.48156182;1844;101658;95981;3;0;0
25/09/2021;3.93;NA;NA;NA;13.22507147;36;NA;NA;49.1598916;1845;159279;253063;5;0;0
26/09/2021;4.2;NA;NA;NA;13.669197;26;NA;NA;49.21663965;1851;124186;203774;8;0;0
27/09/2021;3.87;NA;NA;NA;14.40940622;29;NA;NA;49.20980926;1835;97932;108633;6;0;0
28/09/2021;3.79;NA;NA;NA;14.50810079;34;NA;NA;48.85496183;1834;109932;128997;5;0;0
29/09/2021;3.38;NA;NA;NA;13.22507147;31;NA;NA;49.50873362;1832;103145;208630;21;1;0
30/09/2021;4.31;NA;NA;NA;10.95509651;34;NA;NA;49.91807755;1831;95863;218956;27;0;0
1/10/2021;4.06;NA;NA;NA;13.76789156;32;NA;NA;50.63924402;1799;88796;198868;19;0;0
2/10/2021;4.08;NA;NA;NA;13.07702962;38;NA;NA;51.54185022;1816;177660;399042;56;0;0
3/10/2021;3.39;NA;NA;NA;13.669197;29;NA;NA;51.24103696;1813;152778;331716;20;1;0
4/10/2021;4.06;NA;NA;NA;15.05092088;26;NA;NA;50.85399449;1815;73584;192212;14;0;0
5/10/2021;4.3;NA;NA;NA;12.09008399;28;NA;NA;52.39706712;1773;74489;221933;21;1;0
6/10/2021;4.58;NA;NA;NA;14.60679535;21;NA;NA;52.55761664;1779;75078;206458;14;0;0
7/10/2021;4.13;NA;NA;NA;13.27441875;20;NA;NA;52.26636821;1787;70292;200889;8;0;0
8/10/2021;4.44;NA;NA;NA;13.42246059;23;NA;NA;52.87162162;1776;57952;152831;34;2;0
9/10/2021;3.59;NA;NA;NA;12.97833506;29;NA;NA;52.7700056;1787;94995;282237;18;1;0
10/10/2021;3.43;NA;NA;NA;15.24831001;43;NA;NA;53.17237507;1781;64785;177372;27;0;0
11/10/2021;4.39;NA;NA;NA;12.92898778;34;NA;NA;52.41301908;1782;63612;116350;12;3;0
12/10/2021;4.24;NA;NA;NA;12.97833506;37;NA;NA;52.95441756;1777;115704;125848;59;0;0
13/10/2021;3.8;NA;NA;NA;12.92898778;24;NA;NA;52.41301908;1782;109994;118392;12;0;0
14/10/2021;3.98;NA;NA;NA;14.06397525;29;NA;NA;52.31973169;1789;106845;118760;18;0;0
15/10/2021;4.26;NA;NA;NA;13.86658613;21;NA;NA;51.98213289;1791;110351;111449;20437;0;0
16/10/2021;4.06;NA;NA;NA;14.2120171;35;NA;NA;52.61089276;1781;177538;146269;25249;0;0
17/10/2021;4.35;NA;NA;NA;12.48486224;28;NA;NA;52.80135823;1767;156997;120940;10917;0;0
18/10/2021;4.17;NA;NA;NA;14.7548372;33;NA;NA;53.0878187;1765;92313;86624;26918;0;0
19/10/2021;4.69;NA;NA;NA;12.18877855;35;NA;NA;53.42776204;1765;76418;103381;25798;0;0
20/10/2021;3.64;NA;NA;NA;13.22507147;36;NA;NA;53.56935577;1723;57605;98019;25495;2;0
21/10/2021;4.21;NA;NA;NA;12.92898778;24;NA;NA;53.62739408;1723;57227;92920;16813;0;0
22/10/2021;3.97;NA;NA;NA;12.92898778;23;NA;NA;54.95915986;1714;48718;88609;15529;0;0
23/10/2021;3.84;NA;NA;NA;13.07702962;27;NA;NA;54.12039743;1711;106906;146025;7306;1;0
24/10/2021;3.9;NA;NA;NA;13.47180787;30;NA;NA;53.50318471;1727;74468;126381;2202;0;0
25/10/2021;4.6;NA;NA;NA;13.42246059;35;NA;NA;53.61726954;1714;40476;76188;6981;0;0
26/10/2021;4.35;NA;NA;NA;11.64595846;22;NA;NA;53.29446064;1715;37907;74347;6271;0;0
27/10/2021;3.72;NA;NA;NA;13.669197;27;NA;NA;53.94581861;1698;37571;70349;5788;0;0
28/10/2021;4.11;NA;NA;NA;12.13943127;24;NA;NA;54.30267062;1685;44787;71888;11317;0;0
29/10/2021;3.68;NA;NA;NA;13.81723884;32;NA;NA;53.31343284;1675;47686;66891;15183;0;0
30/10/2021;4.16;NA;NA;NA;12.43551496;39;NA;NA;53.4842168;1679;208749;86460;14323;0;0
31/10/2021;3.8;NA;NA;NA;12.43551496;31;NA;NA;53.49112426;1690;176523;69532;9040;0;0
1/11/2021;3.08;NA;NA;NA;15.34700457;25;NA;NA;52.67220903;1684;74585;24456;4320;0;0
2/11/2021;5.28;NA;NA;NA;13.47180787;29;NA;NA;52.12702217;1669;91603;36707;6731;0;0
3/11/2021;3.85;NA;NA;NA;13.32376603;31;NA;NA;52.09832134;1668;108949;50319;9687;0;0
4/11/2021;4.33;NA;NA;NA;14.26136438;30;NA;NA;51.76964607;1667;171376;61021;9856;0;0
5/11/2021;3.98;NA;NA;NA;14.26136438;31;NA;NA;50.33353548;1649;224812;59394;8962;0;0
6/11/2021;4.2;NA;NA;NA;12.53420952;35;NA;NA;50.49019608;1632;313106;101986;8979;2;0
7/11/2021;3.79;NA;NA;NA;13.17572418;26;NA;NA;49.23076923;1625;212955;94452;6066;0;0
8/11/2021;5.02;NA;NA;NA;12.78094593;40;NA;NA;48.58199753;1622;121854;74271;7523;0;0
9/11/2021;4.29;NA;NA;NA;13.02768234;40;NA;NA;36.92550829;23412;111348;97255;10702;0;1
10/11/2021;4.27;NA;NA;NA;13.71854428;24;NA;NA;37.16222013;23314;108921;82223;16621;0;0
11/11/2021;3.79;NA;NA;NA;12.28747312;37;NA;NA;37.59282971;23430;93991;79705;19140;0;0
12/11/2021;4.03;NA;NA;NA;12.78094593;40;NA;NA;37.92154164;23248;85714;68561;14289;0;0
13/11/2021;4.32;NA;NA;NA;12.43551496;28;NA;NA;38.0192655;23254;113571;117683;11424;0;0
14/11/2021;4.2;NA;NA;NA;13.669197;34;NA;NA;38.77409272;23036;98837;104478;11892;0;0
15/11/2021;5.3;NA;NA;NA;13.1263769;36;NA;NA;39.66631726;22896;85459;73012;9524;1;0
16/11/2021;4.62;NA;NA;NA;11.30052748;32;NA;NA;40.12685548;22703;105999;71754;10843;0;0
17/11/2021;4.69;NA;NA;NA;13.07702962;34;NA;NA;40.04343394;22563;103809;70489;9944;0;0
18/11/2021;4.06;NA;NA;NA;13.96528069;36;NA;NA;40.28795812;22920;103750;66257;10251;1;0
19/11/2021;4.52;NA;NA;NA;11.74465302;47;NA;NA;40.46352748;23127;104117;62727;10923;0;0
20/11/2021;4.91;NA;NA;NA;12.78094593;30;NA;NA;41.3983087;23414;130254;161358;11416;2;0
21/11/2021;3.8;NA;NA;NA;13.02768234;36;NA;NA;41.94097616;22906;109393;166147;14176;0;0
22/11/2021;4.86;NA;NA;NA;13.37311331;29;NA;NA;41.58972125;22960;82674;90116;16946;0;0
23/11/2021;4.87;NA;NA;NA;14.65614263;43;NA;NA;41.79845772;22953;83365;100191;18065;0;0
24/11/2021;4.98;NA;NA;NA;12.48486224;39;NA;NA;42.45178453;22555;75475;96260;21317;2;0
25/11/2021;4.67;NA;NA;NA;12.48486224;47;NA;NA;42.51371832;22962;73097;134794;21628;0;0
26/11/2021;4.37;NA;NA;NA;12.78094593;33;NA;NA;42.74975964;22882;68676;160554;61176;0;0
27/11/2021;4.11;NA;NA;NA;12.73159865;46;NA;NA;43.51462603;22836;83804;244379;104401;1;2
28/11/2021;4.1;NA;NA;NA;13.76789156;30;NA;NA;43.16490403;22977;72919;191763;88173;0;0
29/11/2021;5.03;NA;NA;NA;15.5443937;38;NA;NA;43.6581815;22667;56482;118454;95339;2;0
30/11/2021;4.76;NA;NA;NA;13.32376603;35;NA;NA;44.09732917;22727;52207;107697;102043;0;0
1/12/2021;4.49;NA;NA;NA;14.85353176;43;NA;NA;45.69864214;22830;54698;98010;101800;0;0
2/12/2021;4.77;NA;NA;NA;13.86658613;41;NA;NA;44.75211555;22571;63616;98285;109666;4;0
3/12/2021;5.08;NA;NA;NA;13.57050244;39;NA;NA;45.32699907;22523;64471;95992;104304;4;0
4/12/2021;4.8;NA;NA;NA;13.76789156;35;NA;NA;45.83444593;22470;78329;129668;112102;2;2
5/12/2021;5.2;NA;NA;NA;13.52115516;39;NA;NA;45.6631523;22574;63466;107667;74893;3;0
6/12/2021;5.11;NA;NA;NA;15.34700457;39;NA;NA;46.49698593;22395;58095;86301;76091;1;0
7/12/2021;4.78;NA;NA;NA;14.31071166;44;NA;NA;46.83267021;22369;57505;92786;74791;1;0
8/12/2021;4.03;NA;NA;NA;13.96528069;39;NA;NA;47.54186683;22273;44842;71452;48602;4;0
9/12/2021;5.03;NA;NA;NA;13.07702962;40;NA;NA;47.60757008;22404;66665;105972;73447;3;0
10/12/2021;5.31;NA;NA;NA;15.39635186;40;NA;NA;47.76884333;22634;110544;143662;79692;3;0
11/12/2021;5.39;NA;NA;NA;13.91593341;42;NA;NA;51.93080012;22659;136732;181432;78632;1;0
12/12/2021;3.86;NA;NA;NA;16.67938118;34;NA;NA;48.37108284;22561;103960;151567;58217;7;0
13/12/2021;5.47;NA;NA;NA;14.95222632;26;NA;NA;49.29502527;22554;112512;125410;62255;6;0
14/12/2021;5.86;NA;NA;NA;14.36005894;40;NA;NA;49.701593;22285;111531;140061;62986;2;1
15/12/2021;5.4;NA;NA;NA;15.44569914;39;NA;NA;50.06524184;22225;101299;128663;57883;2;0
16/12/2021;6.24;NA;NA;NA;14.31071166;40;NA;NA;50.6979667;22279;74840;105564;51728;5;0
17/12/2021;5.69;NA;NA;NA;15.19896273;29;NA;NA;55.19989195;22212;73611;103149;51871;6;0
18/12/2021;5.4;NA;NA;NA;11.34987477;31;NA;NA;51.29744122;22159;66984;104952;51446;4;0
19/12/2021;6.57;NA;NA;NA;12.63290409;37;NA;NA;50.57014055;22626;45553;86674;42838;0;0
20/12/2021;6.68;NA;NA;NA;14.65614263;41;NA;NA;51.73126151;22267;53579;80454;125710;6;1
21/12/2021;7.57;NA;NA;NA;13.76789156;29;NA;NA;52.0493094;22227;48592;78281;244196;10;1
22/12/2021;8.33;NA;NA;NA;15.59374098;37;NA;NA;52.52845934;22049;40688;71990;216540;2;0
23/12/2021;9.31;NA;NA;NA;13.81723884;40;NA;NA;52.77752398;21890;32627;61106;143983;4;0
24/12/2021;9.62;NA;NA;NA;15.24831001;45;NA;NA;53.40137604;21947;11949;22380;43769;0;0
25/12/2021;8.47;NA;NA;NA;14.80418448;37;NA;NA;53.03119749;22021;3198;5378;24841;0;0
26/12/2021;12.19;NA;NA;NA;15.24831001;51;NA;NA;53.46955382;22121;15825;40816;127809;3;0
27/12/2021;12.61;NA;NA;NA;15.39635186;40;NA;NA;53.88092412;21902;34034;74776;201707;8;0
28/12/2021;12.24;NA;NA;NA;16.28460292;46;NA;NA;54.19472247;21980;35857;77856;209581;5;1
29/12/2021;13.8;NA;NA;NA;15.19896273;37;NA;NA;54.24362658;21927;33453;67610;177978;4;1
30/12/2021;15.99;NA;NA;NA;15.59374098;41;NA;NA;54.72468021;21811;29135;58867;126348;4;0
31/12/2021;15.3;NA;NA;NA;16.33395021;47;NA;NA;54.55423238;21749;9896;24524;34511;3;1
1/01/2022;14.67;NA;NA;NA;18.40653603;43;NA;NA;54.47244022;21789;1954;3861;13940;2;0
2/01/2022;21.31;NA;NA;NA;15.64308826;43;NA;NA;54.58268151;21734;8425;28740;75608;2;0
3/01/2022;22.91;NA;NA;NA;17.56763225;47;NA;NA;58.01464605;20893;25610;70112;148550;0;0
4/01/2022;25.69;NA;NA;NA;16.23525564;48;NA;NA;57.64638456;20938;26587;75690;168582;7;0
5/01/2022;25.9;NA;NA;NA;17.61697953;52;NA;NA;58.45977122;20893;30108;77305;207111;4;0
6/01/2022;27.59;NA;NA;NA;16.18590836;68;NA;NA;62.2636983;20842;29142;73971;214615;8;0
7/01/2022;27.68;NA;NA;NA;17.07415943;71;NA;NA;62.71973943;20877;28305;73491;216950;2;0
8/01/2022;30.33;NA;NA;NA;17.17285399;92;NA;NA;63.13815979;20802;25342;68169;238007;6;1
9/01/2022;33.77;NA;NA;NA;16.82742302;91;NA;NA;63.7032407;20798;16625;44442;139989;6;0
10/01/2022;34.89;NA;NA;NA;17.27154856;106;NA;NA;63.42057503;20938;27695;67100;180704;7;0
11/01/2022;37.91;NA;NA;NA;18.40653603;112;NA;NA;64.03653312;21241;24565;60011;174347;8;0
12/01/2022;38.37;NA;NA;NA;16.6300339;130;NA;NA;64.91580184;20428;24040;57556;160737;3;0
13/01/2022;38.96;NA;NA;NA;18.35718875;137;NA;NA;65.09648402;20677;22741;53741;169765;8;0
14/01/2022;37.99;NA;NA;NA;18.35718875;155;NA;NA;65.80912463;20757;21249;47519;160664;11;1
15/01/2022;39.81;NA;NA;NA;21.02194196;141;NA;NA;66.08379753;20645;17623;36735;168836;2;0
16/01/2022;38.79;NA;NA;NA;20.72585827;154;NA;NA;65.38591332;20743;10923;24860;94872;3;0
17/01/2022;41.4;NA;NA;NA;22.20627672;173;NA;NA;65.76659507;19554;19780;41230;121859;5;0
18/01/2022;41.97;NA;NA;NA;22.74909681;169;NA;NA;66.63395486;19361;16157;36692;114408;3;0
19/01/2022;43.91;NA;NA;NA;22.05823487;166;NA;NA;66.546875;19200;16427;35966;110495;6;0
20/01/2022;41.95;NA;NA;NA;22.99583322;199;NA;NA;67.00322681;19214;15294;33167;96648;5;0
21/01/2022;40.46;NA;NA;NA;20.67651099;215;NA;NA;66.99150555;19189;13887;30376;94760;1;0
22/01/2022;40.54;NA;NA;NA;21.36737293;199;NA;NA;67.95289013;19359;13040;24221;106624;2;0
23/01/2022;38.69;NA;NA;NA;22.79844409;202;NA;NA;67.63388206;19196;10080;19505;80390;5;0
24/01/2022;40.03;NA;NA;NA;23.39061147;215;NA;NA;67.38992715;18942;53186;28399;84093;5;0
25/01/2022;37.88;NA;NA;NA;24.57494623;208;NA;NA;68.04350099;19126;55638;27164;83563;6;1
26/01/2022;36.85;NA;NA;NA;26.45014293;194;NA;NA;68.18350767;18833;72891;27675;78687;3;0
27/01/2022;34.82;NA;NA;NA;22.79844409;217;NA;NA;67.56109248;18783;86540;26742;77792;4;0
28/01/2022;32.53;NA;NA;NA;24.52559895;204;NA;NA;67.46439662;18678;94450;24822;74290;1;0
29/01/2022;28.94;NA;NA;NA;23.98277885;189;NA;NA;67.33646858;18712;148309;22916;89281;4;1
30/01/2022;27.47;NA;NA;NA;24.62429351;166;NA;NA;67.19352765;18664;111802;16377;71615;5;0
31/01/2022;30.91;NA;NA;NA;25.95667012;180;NA;NA;67.41982117;18677;116337;24559;80839;1;0
1/02/2022;29.83;NA;NA;NA;24.9203772;197;NA;NA;67.49692003;18669;107529;23509;85548;6;0
2/02/2022;29.35;NA;NA;NA;24.82168264;195;NA;NA;67.41886955;18612;91827;23869;82871;5;1
3/02/2022;25.5;NA;NA;NA;23.78538973;167;NA;NA;67.17990276;18510;103244;23708;81954;2;0
4/02/2022;22.16;NA;NA;NA;22.45301312;162;NA;NA;66.99740918;18141;108917;23635;84305;5;0
5/02/2022;20.3;NA;NA;NA;19.98564904;156;NA;NA;67.00928929;18193;106950;22214;96243;11;1
6/02/2022;21.12;NA;NA;NA;22.20627672;136;NA;NA;67.26062806;18183;61808;14459;60411;3;0
7/02/2022;19.31;NA;NA;NA;22.20627672;131;NA;NA;68.59486058;18290;89083;23509;76011;4;0
8/02/2022;17.9;NA;NA;NA;21.21933108;139;NA;NA;69.03761122;18319;85772;22387;80393;3;0
9/02/2022;17.03;NA;NA;NA;21.61410934;115;NA;NA;69.54897544;18203;81808;21462;80730;1;0
10/02/2022;15.63;NA;NA;NA;20.57781642;104;NA;NA;70.13900335;18201;74389;21324;80106;3;0
11/02/2022;12.78;NA;NA;NA;21.61410934;109;NA;NA;70.37260605;18223;86374;21862;80232;3;0
12/02/2022;12.28;NA;NA;NA;20.13369089;119;NA;NA;71.13680154;18165;69725;18231;81224;3;1
13/02/2022;12.41;NA;NA;NA;18.65327244;113;NA;NA;71.14824383;18193;41159;11715;53693;4;0
14/02/2022;11.87;NA;NA;NA;18.94935613;93;NA;NA;71.56674177;18197;47658;32449;56228;4;0
15/02/2022;10.58;NA;NA;NA;18.80131429;82;NA;NA;72.64816039;18156;52378;38313;72613;2;0
16/02/2022;10.14;NA;NA;NA;17.27154856;87;NA;NA;72.92576419;18091;56247;44986;72921;4;0
17/02/2022;9.96;NA;NA;NA;16.8767703;79;NA;NA;73.10528358;18037;50047;52398;68964;2;0
18/02/2022;10.12;NA;NA;NA;17.71567409;80;NA;NA;73.29381786;18052;49154;63848;67577;0;0
19/02/2022;7.47;NA;NA;NA;17.17285399;1;NA;NA;73.56627842;18030;50158;82050;72957;2;0
20/02/2022;10.77;NA;NA;NA;16.33395021;NA;NA;NA;73.22398315;18046;37520;58720;55537;5;0
21/02/2022;7.41;NA;NA;NA;15.39635186;NA;NA;NA;73.63575865;18032;45813;75983;68877;1;0
